frame_id,obj_id,obj_cls,x_center,y_center,z_center,bbox_x,bbox_y,bbox_z,vel_x,vel_y,acc_inv,obj_type
0,7152,van,67.8421606774688,-3.4996780913571683,-2.3233901262283325,4.442183971405029,1.77456533908844,1.9872066974639893,1.5145660785902357,0.01483711326842258,0,negligible
0,7151,car,2.920986505091065,43.171751083080494,-2.413989782333374,4.6045098304748535,1.9315929412841797,1.8548461198806763,-0.45236150278394055,-0.5908789547022955,0,negligible
0,7158,car,-11.701184760874284,0.0010830539936250716,-2.3683868646621704,3.866220712661743,1.9051965475082397,1.8779358863830566,-4.757567914187196e-05,-2.159998622741378e-06,0,negligible
0,7161,truck,3.221656740241656,34.21347975386442,-1.4125864505767822,8.46804141998291,2.8910882472991943,3.8274123668670654,-1.7856075405610405,-2.017539693337621,0,negligible
0,7159,car,77.03407253822866,-3.5727582094021386,-2.507810354232788,4.855708599090576,2.0327565670013428,1.6493593454360962,-3.2640948294140274e-05,1.026209647929837e-05,0,negligible
0,7153,car,-2.430633249715868,0.004097594742404453,-2.5593221187591553,4.901683330535889,2.128324270248413,1.5107464790344238,2.04481929569885,0.11065577067845866,0,negligible
0,7160,motorcycle,-2.9925210913981033,-3.50219757652539,-2.5158941745758057,2.3557403087615967,0.7636788487434387,1.6068252325057983,-6.769771498436366e-10,2.1998913143952448e-08,0,negligible
0,7162,cyclist,68.32762080847583,-0.00026674412100646805,-2.519087851047516,1.4872888326644897,0.8592574596405029,1.5764673948287964,0.2037659240046815,0.009459888672345785,0,negligible
0,7154,pedestrian,17.052076510444152,26.98665787318646,-2.4985114336013794,0.5,0.5,1.100000023841858,0.9478190067935871,0.1480323052435985,0,negligible
0,7156,pedestrian,14.113404889614799,59.09559487962251,-2.347201108932495,0.3753577768802643,0.3753577768802643,1.8600000143051147,-0.3532638933131033,0.7422094883822282,0,negligible
1,7152,van,67.67917030901816,-3.499643777206643,-2.3232072591781616,4.442183971405029,1.77456533908844,1.9872066974639893,1.7171716033613806,0.015826982674693558,0,negligible
1,7151,car,2.954424498053214,43.101063101074104,-2.413662075996399,4.6045098304748535,1.9315929412841797,1.8548461198806763,-0.5842012207075011,-0.7637483547085026,0,negligible
1,7158,car,-11.701222906030225,0.0010834262900516478,-2.3684056997299194,3.866220712661743,1.9051965475082397,1.8779358863830566,-6.202255502752173e-05,-2.3720655888612875e-06,0,negligible
1,7161,truck,3.1021737325201286,34.47604141311993,-1.4133684635162354,8.46804141998291,2.8910882472991943,3.8274123668670654,-2.004298730253864,-2.2799061461577814,0,negligible
1,7159,car,77.03407253822866,-3.5727582094021386,-2.507810354232788,4.855708599090576,2.0327565670013428,1.6493593454360962,-3.253554177189575e-05,1.0156127694738114e-05,0,negligible
1,7153,car,-2.200524667999275,0.00984772301387693,-2.55942440032959,4.901683330535889,2.128324270248413,1.5107464790344238,2.5158518058656743,0.11831520099306438,0,negligible
1,7160,motorcycle,-2.9925210913981033,-3.50219757652539,-2.5158926248550415,2.3557403087615967,0.7636788487434387,1.6068257093429565,4.590488420095263e-09,1.708801719473669e-08,0,negligible
1,7162,cyclist,68.34957190840093,0.0007397745752371065,-2.519083082675934,1.4872888326644897,0.8592574596405029,1.576467514038086,0.27557659162340903,0.010556059209156246,0,negligible
1,7154,pedestrian,16.983275500487295,26.93314282984545,-2.4985114336013794,0.5,0.5,1.100000023841858,1.0933483552215448,0.37590607753849076,0,negligible
1,7156,pedestrian,14.214753051009168,59.26153719565039,-2.347201108932495,0.3753577768802643,0.3753577768802643,1.8600000143051147,-0.4990563051042739,0.99043592771189,0,negligible
2,7152,van,67.49634809639178,-3.4996295376283513,-2.322772979736328,4.442183971405029,1.77456533908844,1.9872066974639893,1.907966651127651,0.018805228682581512,0,negligible
2,7151,car,3.0050858738829476,42.993942779633954,-2.413853645324707,4.6045098304748535,1.9315929412841797,1.8548461198806763,-0.8323377364036858,-1.0802874649171432,0,negligible
2,7158,car,-11.701375337735413,0.0011001735381910294,-2.3684184551239014,3.866220712661743,1.9051965475082397,1.8779358863830566,-0.01138221954435801,-0.00011514464672540178,0,negligible
2,7161,truck,2.9686920150608245,34.76850338528433,-1.4142472743988037,8.46804141998291,2.8910882472991943,3.8274123668670654,-2.2068171955986498,-2.5277614522443943,0,negligible
2,7159,car,77.03407253822866,-3.5727582094021386,-2.507810354232788,4.855708599090576,2.0327565670013428,1.6493593454360962,-3.2305358569953965e-05,9.921938428051225e-06,0,negligible
2,7153,car,-1.921507478133563,0.016570157642405547,-2.559549868106842,4.901683330535889,2.128324270248413,1.5107464790344238,3.0306995324048795,0.15205580785108755,0,negligible
2,7160,motorcycle,-2.9925210913981033,-3.50219757652539,-2.5158931612968445,2.3557403087615967,0.7636788487434387,1.6068246364593506,-8.355240517384393e-09,-7.898281566492584e-09,0,negligible
2,7162,cyclist,68.39223579931812,0.0013457628823232426,-2.5193899869918823,1.4872888326644897,0.8592574596405029,1.576467514038086,0.6021773754114184,0.0072232752403793244,0,negligible
2,7154,pedestrian,16.855145099264178,26.89522220448208,-2.4985114336013794,0.5,0.5,1.100000023841858,0.7882675081946159,0.3721507257471584,0,negligible
2,7156,pedestrian,14.316101212403538,59.42747951167826,-2.347201108932495,0.3753577768802643,0.3753577768802643,1.8600000143051147,-0.6404599919595345,1.2406795217805455,0,negligible
3,7152,van,67.29471647868745,-3.4996300921042973,-2.3223100900650024,4.442183971405029,1.77456533908844,1.9872066974639893,2.0935018369439264,0.02037665765028064,0,negligible
3,7151,car,3.0777656423280177,42.83980662382719,-2.414228677749634,4.6045098304748535,1.9315929412841797,1.8548461198806763,-1.2140094596245932,-1.5615966696496792,0,negligible
3,7158,car,-11.698262246254941,0.0011155683363313074,-2.3684598207473755,3.866220712661743,1.9051965475082397,1.8779358863830566,-0.013822379551466575,-0.00013107333694433227,0,negligible
3,7161,truck,2.8220478712908346,35.08899584730764,-1.4152743816375732,8.46804141998291,2.8910882472991943,3.8274123668670654,-2.394858717797095,-2.762555183761806,0,negligible
3,7159,car,77.03407253822866,-3.5727582094021386,-2.507810354232788,4.855708599090576,2.0327565670013428,1.6493593454360962,-3.202990166881423e-05,9.490257455434847e-06,0,negligible
3,7153,car,-1.586922016831167,0.024932357123987003,-2.5596901178359985,4.901683330535889,2.128324270248413,1.5107464790344238,3.6114393692461806,0.19422311172584925,0,negligible
3,7160,motorcycle,-2.9925210913981033,-3.50219757652539,-2.5158920288085938,2.3557403087615967,0.7636788487434387,1.6068247556686401,0.0009365043123866524,-0.00019286886890426005,0,negligible
3,7162,cyclist,68.46907915309282,0.0011756339314104025,-2.519661247730255,1.4872888326644897,0.8592574596405029,1.576467514038086,0.938101100151715,0.00269455036896392,0,negligible
3,7154,pedestrian,16.72506463461005,26.86466043883263,-2.4985114336013794,0.5,0.5,1.100000023841858,0.9356042345493885,0.5123316352687194,0,negligible
3,7156,pedestrian,14.417449373797922,59.59342182770612,-2.347201108932495,0.3753577768802643,0.3753577768802643,1.8600000143051147,-0.7785255652196332,1.492540325849436,0,negligible
4,7152,van,67.07486494748301,-3.499635934552032,-2.3219555616378784,4.442183971405029,1.77456533908844,1.9872066974639893,2.275600628798387,0.022156991929161304,0,negligible
4,7151,car,3.1748632814334456,42.63356505551383,-2.4143612384796143,4.6045098304748535,1.9315929412841797,1.8548461198806763,-1.624699862722745,-2.0600265785424563,0,negligible
4,7158,car,-11.687062232796492,0.0010672943528788892,-2.368581175804138,3.866220712661743,1.9051965475082397,1.8779358863830566,0.23889932518255533,-0.0017726089335472182,0,negligible
4,7161,truck,2.662979151824686,35.43572623442242,-1.4164762496948242,8.46804141998291,2.8910882472991943,3.8274123668670654,-2.5699320057033552,-2.985342132139767,0,negligible
4,7159,car,77.03407253822866,-3.5727582094021386,-2.507810354232788,4.855708599090576,2.0327565670013428,1.6493593454360962,-3.203112376869143e-05,9.824492152411538e-06,0,negligible
4,7153,car,-1.1952326150446737,0.035148226077694744,-2.559771418571472,4.901683330535889,2.128324270248413,1.5107464790344238,4.152568705923917,0.23836257944429717,0,negligible
4,7160,motorcycle,-3.0612423277267027,-3.502198276474303,-2.5161991715431213,2.3557403087615967,0.7636788487434387,1.606824278831482,1.2251308193305779,0.011937290495070654,0,negligible
4,7162,cyclist,68.56195306601887,0.0012457942557091428,-2.5195034742355347,1.4872888326644897,0.8592574596405029,1.5764673948287964,1.0436840068864104,0.010279990741893555,0,negligible
4,7154,pedestrian,16.59326711299667,26.842660760505566,-2.4985114336013794,0.5,0.5,1.100000023841858,1.1309178802697593,0.5645239262699123,0,negligible
4,7156,pedestrian,14.518797535192306,59.759364143734004,-2.347201108932495,0.3753577768802643,0.3753577768802643,1.8600000143051147,-0.9025164053222408,1.72240330098119,0,negligible
5,7152,van,66.83714473605026,-3.4996199739740064,-2.321756362915039,4.442183971405029,1.77456533908844,1.9872066974639893,2.4550827615705932,0.023906482661882132,0,negligible
5,7151,car,3.2973720764405243,42.37145453934562,-2.4139920473098755,4.6045098304748535,1.9315929412841797,1.8548461198806763,-1.9774525561716156,-2.475332775080971,0,negligible
5,7158,car,-11.643442296099678,0.0011298686066538721,-2.368972659111023,3.866220712661743,1.9051965475082397,1.8779358863830566,0.5873409303979417,0.003738475648983326,0,negligible
5,7161,truck,2.492119432456036,35.80716241135167,-1.417853832244873,8.46804141998291,2.8910882472991943,3.8274123668670654,-2.7331921981722775,-3.1968887154915824,0,negligible
5,7159,car,77.03407253822866,-3.5727582094021386,-2.5078116059303284,4.855708599090576,2.0327565670013428,1.6493593454360962,-3.205293881837612e-05,9.790010666075022e-06,0,negligible
5,7153,car,-0.7508875936310488,0.047200142018112956,-2.5597827434539795,4.901683330535889,2.128324270248413,1.5107464790344238,4.669596284686863,0.2838763153736585,0,negligible
5,7160,motorcycle,-3.247546626099819,-3.5022873874078186,-2.5164172649383545,2.3557403087615967,0.7636788487434387,1.6068246364593506,2.331468665993682,0.023823535679407624,0,negligible
5,7162,cyclist,68.6814382829447,0.0025516610044746812,-2.519545614719391,1.4872888326644897,0.8592574596405029,1.5764672756195068,1.319248600727744,0.012404052222569037,0,negligible
5,7154,pedestrian,16.4601790961284,26.830714438812237,-2.4985114336013794,0.5,0.5,1.100000023841858,1.2449580815421106,0.48546261163990795,0,negligible
5,7156,pedestrian,14.620145696586675,59.925306459761885,-2.347201108932495,0.3753577768802643,0.3753577768802643,1.8600000143051147,-0.9038355338199183,1.721599618076956,0,negligible
6,7152,van,66.58177678845652,-3.4996148858142533,-2.3216969966888428,4.442183971405029,1.77456533908844,1.9872066974639893,2.6324269230405455,0.025633775483732007,0,negligible
6,7151,car,3.4479203360545796,42.04759739873235,-2.413299322128296,4.6045098304748535,1.9315929412841797,1.8548461198806763,-2.48719430659717,-3.0732347339973844,0,negligible
6,7158,car,-11.56526511608324,0.0014045069963515289,-2.3693147897720337,3.866220712661743,1.9051965475082397,1.8779358863830566,0.9040386638812802,0.007842265465017368,0,negligible
6,7161,truck,2.310080518774271,36.201886901664096,-1.4193847179412842,8.46804141998291,2.8910882472991943,3.8274123668670654,-2.8858081558195416,-3.3978493863683776,0,negligible
6,7159,car,77.03407253822866,-3.5727582094021386,-2.5078116059303284,4.855708599090576,2.0327565670013428,1.6493593454360962,-3.2070195633042504e-05,9.82352777940826e-06,0,negligible
6,7153,car,-0.2548018406585726,0.06115807230918335,-2.5596017837524414,4.901683330535889,2.128324270248413,1.5107464790344238,5.185758587182563,0.3310849898659321,0,negligible
6,7160,motorcycle,-3.531411685715497,-3.502278838934899,-2.5164679288864136,2.3557403087615967,0.7636788487434387,1.6068246364593506,3.2219208603651546,0.031426729028344154,0,negligible
6,7162,cyclist,68.872745467438,0.0026072033230661873,-2.5203439593315125,1.4872888326644897,0.8592574596405029,1.5764673948287964,2.0519007198114525,0.007779282027851192,0,negligible
6,7154,pedestrian,16.32655158582098,26.830721583458143,-2.4985114336013794,0.5,0.5,1.100000023841858,1.2968534904163258,0.3219336258269086,0,negligible
6,7156,pedestrian,14.620145696586675,59.925306459761885,-2.347201108932495,0.3753577768802643,0.3753577768802643,1.8600000143051147,-0.904423437963139,1.7213865598264788,0,negligible
7,7152,van,66.30888889097419,-3.49962191726587,-2.321728825569153,4.442183971405029,1.77456533908844,1.9872066974639893,2.8079002712954284,0.027344852485076496,0,negligible
7,7151,car,3.6330063019208865,41.64768545286634,-2.4124358892440796,4.6045098304748535,1.9315929412841797,1.8548461198806763,-2.9369386939672117,-3.578733140125633,0,negligible
7,7158,car,-11.451047350304123,0.001434206152111983,-2.369542121887207,3.866220712661743,1.9051965475082397,1.8779358863830566,1.3128334805376518,0.010236693257618206,0,negligible
7,7161,truck,2.117429112315193,36.6185513369648,-1.4210548400878906,8.46804141998291,2.8910882472991943,3.8274123668670654,-3.0286843071512557,-3.5889006362712395,0,negligible
7,7159,car,77.03407253822866,-3.5727582094021386,-2.5078116059303284,4.855708599090576,2.0327565670013428,1.6493593454360962,-3.197712606215164e-05,9.451573631935307e-06,0,negligible
7,7153,car,0.2738609984678675,0.07647659722587719,-2.559150457382202,4.901683330535889,2.128324270248413,1.5107464790344238,5.203256556523652,0.34410683334984254,0,negligible
7,7160,motorcycle,-3.895137558543013,-3.502284344351267,-2.516444206237793,2.3557403087615967,0.7636788487434387,1.6068241596221924,3.959794377968693,0.03897778384375886,0,negligible
7,7162,cyclist,69.07332612322857,0.003197876780546949,-2.519784152507782,1.4872888326644897,0.8592574596405029,1.576467514038086,2.139402592020301,0.01349710427233019,0,negligible
7,7154,pedestrian,16.193705344348146,26.84511082634478,-2.4985114336013794,0.5,0.5,1.100000023841858,1.3318683397618511,0.10811327708403258,0,negligible
7,7156,pedestrian,14.726104386710901,60.08834261784787,-2.347201108932495,0.3753577768802643,0.3753577768802643,1.8600000143051147,-0.11227473950299083,0.22267272141005015,0,negligible
8,7152,van,66.01860531319721,-3.49961176216749,-2.321799635887146,4.442183971405029,1.77456533908844,1.9872066974639893,2.9816111449300915,0.029036314455739454,0,negligible
8,7151,car,3.8284173023530172,41.222959948869885,-2.4095975160598755,4.6045098304748535,1.9315929412841797,1.8548461198806763,-3.0339531410122484,-3.6513613229854363,0,negligible
8,7158,car,-11.30070299455923,0.0014317598950981392,-2.369623899459839,3.866220712661743,1.9051965475082397,1.8779358863830566,1.6579284836830785,0.013152019636256113,0,negligible
8,7161,truck,1.9146494099980202,37.055953119503585,-1.4228272438049316,8.46804141998291,2.8910882472991943,3.8274123668670654,-3.1626496101509223,-3.770549430878615,0,negligible
8,7159,car,77.03407253822866,-3.5727582094021386,-2.5078116059303284,4.855708599090576,2.0327565670013428,1.6493593454360962,-3.204645123164224e-05,9.719456689987618e-06,0,negligible
8,7153,car,0.7924075933202914,0.09187859709439294,-2.55869722366333,4.901683330535889,2.128324270248413,1.5107464790344238,5.082612901062631,0.34744880083051227,0,negligible
8,7160,motorcycle,-4.3264479420520985,-3.502301644150265,-2.5163971185684204,2.3557403087615967,0.7636788487434387,1.6068247556686401,4.5919965762017405,0.045232161459202384,0,negligible
8,7162,cyclist,69.28045880522623,0.0037856405750176236,-2.5192747712135315,1.4872888326644897,0.8592574596405029,1.5764678716659546,2.1477263244761526,0.017368939834801766,0,negligible
8,7154,pedestrian,16.06393672228033,26.876987955851064,-2.4985114336013794,0.5,0.5,1.100000023841858,1.3267686808141919,-0.15897219762254833,0,negligible
8,7156,pedestrian,14.83109266650456,60.252013887279986,-2.347201108932495,0.3753577768802643,0.3753577768802643,1.8600000143051147,-0.23330947985367612,0.4831239626465512,0,negligible
9,7152,van,65.71104987796383,-3.499600888544876,-2.3218694925308228,4.442183971405029,1.77456533908844,1.9872066974639893,3.1535623943890787,0.030712008402366466,0,negligible
9,7151,car,4.056668504413551,40.724927660584854,-2.407974362373352,4.6045098304748535,1.9315929412841797,1.8548461198806763,-3.8599482384041415,-4.5983593976475765,0,negligible
9,7158,car,-11.115255232539212,0.0013155973954326328,-2.3696155548095703,3.866220712661743,1.9051965475082397,1.8779358863830566,2.0200395600027807,0.01614693758317589,0,negligible
9,7161,truck,1.7022416858565066,37.5129734219548,-1.4245684146881104,8.46804141998291,2.8910882472991943,3.8274123668670654,-3.2887793132060343,-3.9434215573888296,0,negligible
9,7159,car,77.03407253822866,-3.5727582094021386,-2.5078116059303284,4.855708599090576,2.0327565670013428,1.6493593454360962,-3.2058818459486e-05,9.757623354216972e-06,0,negligible
9,7153,car,1.3006388444949408,0.10728971754431882,-2.558514714241028,4.901683330535889,2.128324270248413,1.5107464790344238,5.104891909180853,0.36115990401417025,0,negligible
9,7160,motorcycle,-4.816591592877117,-3.502339852821933,-2.5162654519081116,2.3557403087615967,0.7636788487434387,1.606824278831482,5.148141876871018,0.05070723464331777,0,negligible
9,7162,cyclist,69.49107345273572,0.004659870244637432,-2.5190207958221436,1.4872888326644897,0.8592574596405029,1.5764673948287964,2.16002944153817,0.017639516622878326,0,negligible
9,7154,pedestrian,15.941388559388699,26.930249492973815,-2.4985114336013794,0.5,0.5,1.100000023841858,1.246545504562089,-0.48121553340006507,0,negligible
9,7156,pedestrian,14.935064836239803,60.41632834384515,-2.347201108932495,0.3753577768802643,0.3753577768802643,1.8600000143051147,-0.35664518282791485,0.7423301086976445,0,negligible
10,7152,van,65.38636738794804,-3.499605969186888,-2.321916341781616,4.442183971405029,1.77456533908844,1.9872066974639893,3.3235532329141497,0.03237008705970647,0,negligible
10,7151,car,4.310048547946451,40.17024331476691,-2.405679941177368,4.6045098304748535,1.9315929412841797,1.8548461198806763,-4.042642986505395,-4.762570673483764,0,negligible
10,7158,car,-10.892444977500944,0.001155227078555754,-2.369598865509033,3.866220712661743,1.9051965475082397,1.8779358863830566,2.3986720285746634,0.01933177176368153,0,negligible
10,7161,truck,1.479959482016028,37.97452298859906,-1.4261267185211182,8.46804141998291,2.8910882472991943,3.8274123668670654,-3.0748580663083644,-3.9706037468332585,0,negligible
10,7159,car,77.03407253822866,-3.5727582094021386,-2.5078116059303284,4.855708599090576,2.0327565670013428,1.6493593454360962,-3.202557916071118e-05,9.88142116949896e-06,0,negligible
10,7153,car,1.7375371185082145,0.12089448671764558,-2.557760179042816,4.901683330535889,2.128324270248413,1.5107464790344238,3.567594387516917,0.25567838210047095,0,negligible
10,7160,motorcycle,-5.359111670098599,-3.5021873178000362,-2.516020655632019,2.3557403087615967,0.7636788487434387,1.6068241596221924,5.646609360326793,0.052832121231946784,0,negligible
10,7162,cyclist,69.70595001946138,0.005019458624502704,-2.518957197666168,1.4872888326644897,0.8592574596405029,1.576467514038086,2.191852173554978,0.012890090667768469,0,negligible
10,7154,pedestrian,15.833433009415586,27.008989333367225,-2.4985114336013794,0.5,0.5,1.100000023841858,1.0350815431055922,-0.8450001346713981,0,negligible
10,7156,pedestrian,15.037982825219999,60.58129398887097,-2.347201108932495,0.3753577768802643,0.3753577768802643,1.8600000143051147,-0.4865672691246666,0.998408949077147,0,negligible
11,7152,van,65.04481165735542,-3.4996142218024318,-2.321933150291443,4.442183971405029,1.77456533908844,1.9872066974639893,3.4904694887721996,0.03399681511383809,0,negligible
11,7151,car,4.5833800378577365,39.56861671626737,-2.403169631958008,4.6045098304748535,1.9315929412841797,1.8548461198806763,-4.479946402966852,-5.2416778539039575,0,negligible
11,7158,car,-10.629532215899303,0.0010459825594750782,-2.3696248531341553,3.866220712661743,1.9051965475082397,1.8779358863830566,2.8292614601958697,0.024142335448474647,0,negligible
11,7161,truck,1.2563362788855557,38.42609829028183,-1.427461862564087,8.46804141998291,2.8910882472991943,3.8274123668670654,-3.0741693581586027,-4.041576789123203,0,negligible
11,7159,car,77.00181456923376,-3.5704443752960913,-2.507636249065399,4.855708599090576,2.0327565670013428,1.6493593454360962,0.6477307917413779,-0.11562964426548171,0,negligible
11,7153,car,2.074220609754093,0.1315861748792031,-2.557465672492981,4.901683330535889,2.128324270248413,1.5107464790344238,3.4855969386217187,0.25350704792960665,0,negligible
11,7160,motorcycle,-5.948960286685761,-3.502152718192832,-2.515967905521393,2.3557403087615967,0.7636788487434387,1.606824278831482,6.100394494479071,0.05892388038825541,0,negligible
11,7162,cyclist,69.97513560303888,0.004833731894535731,-2.519968271255493,1.4872888326644897,0.8592574596405029,1.576467752456665,2.9405350173872034,0.01787427609568236,0,negligible
11,7154,pedestrian,15.724883413074195,27.08158538677307,-2.4985114336013794,0.5,0.5,1.100000023841858,0.814299037361023,-1.0594723671802617,0,negligible
11,7156,pedestrian,15.13980123155443,60.746949414269096,-2.347201108932495,0.3753577768802643,0.3753577768802643,1.8600000143051147,-0.6243467879696724,1.2505601970496187,0,negligible
12,7152,van,64.68672819768439,-3.4995984995494496,-2.321922183036804,4.442183971405029,1.77456533908844,1.9872066974639893,3.653551700634437,0.03559296669669683,0,negligible
12,7151,car,4.87908876441314,38.915308999003045,-2.4005987644195557,4.6045098304748535,1.9315929412841797,1.8548461198806763,-4.886251316579424,-5.70551010543123,0,negligible
12,7158,car,-10.319566900321917,0.0009200314279951272,-2.3697450160980225,3.866220712661743,1.9051965475082397,1.8779358863830566,3.338218978152211,0.02927765394149416,0,negligible
12,7161,truck,1.0302364700718556,38.877987694417925,-1.4288365840911865,8.46804141998291,2.8910882472991943,3.8274123668670654,-3.031854709332613,-4.049339107776864,0,negligible
12,7159,car,76.90275237646497,-3.564609743496675,-2.5070767998695374,4.855708599090576,2.0327565670013428,1.6493593454360962,1.2499853613777105,-0.21070994922793487,0,negligible
12,7153,car,2.4403124586765443,0.1433947131475577,-2.5581270456314087,4.901683330535889,2.128324270248413,1.5107464790344238,3.8359517428405874,0.2823013714440185,0,negligible
12,7160,motorcycle,-6.582138341110294,-3.5021224900427796,-2.5159775614738464,2.3557403087615967,0.7636788487434387,1.6068243980407715,6.517950612882791,0.06276844012988397,0,negligible
12,7162,cyclist,70.2637254553414,0.0032683774144857125,-2.5197022557258606,1.4872888326644897,0.8592574596405029,1.5764672756195068,2.930961166372026,0.01155188721848714,0,negligible
12,7154,pedestrian,15.616496409084931,27.154424005531922,-2.4985114336013794,0.5,0.5,1.100000023841858,0.6909775986908376,-1.1080747148445778,0,negligible
12,7156,pedestrian,15.240466800943352,60.91331039931694,-2.347201108932495,0.3753577768802643,0.3753577768802643,1.8600000143051147,-0.770130289880853,1.498443258465161,0,negligible
13,7152,van,64.31253425163676,-3.499608653261049,-2.321892499923706,4.442183971405029,1.77456533908844,1.9872066974639893,3.8125736390433773,0.03714571173361813,0,negligible
13,7151,car,5.18952504174716,38.22938529128865,-2.397104859352112,4.6045098304748535,1.9315929412841797,1.8548461198806763,-4.863623589701494,-5.649624426205238,0,negligible
13,7158,car,-9.955285299566256,0.0007980368174287378,-2.3699402809143066,3.866220712661743,1.9051965475082397,1.8779358863830566,3.8940951682856437,0.035090629855214765,0,negligible
13,7161,truck,0.8044388661353139,39.32566252267027,-1.4303224086761475,8.46804141998291,2.8910882472991943,3.8274123668670654,-2.9810180267039685,-4.038396702271407,0,negligible
13,7159,car,76.74644472617938,-3.5566599258508518,-2.505589485168457,4.855708599090576,2.0327565670013428,1.6493593454360962,1.7900769743287184,-0.2635391661563602,0,negligible
13,7153,car,2.847261336203289,0.17236818983479907,-2.5586133003234863,4.901683330535889,2.128324270248413,1.5107464790344238,4.2271760747524105,0.7627286816525343,0,negligible
13,7160,motorcycle,-7.2553879392177265,-3.50209791134057,-2.515994906425476,2.3557403087615967,0.7636788487434387,1.6068241596221924,6.9051384217341445,0.06641332064393683,0,negligible
13,7162,cyclist,70.55007466912082,0.0013739226856159803,-2.5192044973373413,1.4872888326644897,0.8592574596405029,1.5764673948287964,2.932561294271865,0.011622470736699395,0,negligible
13,7154,pedestrian,15.508888930909634,27.233648753253448,-2.4985114336013794,0.5,0.5,1.100000023841858,0.5659117291049377,-1.1769019815284374,0,negligible
13,7156,pedestrian,15.339926279087052,61.080392723291865,-2.347201108932495,0.3753577768802643,0.3753577768802643,1.8600000143051147,-0.9114137877616402,1.7176554151689993,0,negligible
14,7152,van,63.92265367719921,-3.499603041240505,-2.3218544721603394,4.442183971405029,1.77456533908844,1.9872066974639893,3.967513634827003,0.038660952754426346,0,negligible
14,7151,car,5.514512244977823,37.50994700554831,-2.3940073251724243,4.6045098304748535,1.9315929412841797,1.8548461198806763,-5.451262176286194,-6.303714514571405,0,negligible
14,7158,car,-9.53725914421571,0.0007313573613885183,-2.370073914527893,3.866220712661743,1.9051965475082397,1.8779358863830566,4.413335587063895,0.04130399118791959,0,negligible
14,7161,truck,0.576554779536167,39.77375446238898,-1.431955099105835,8.46804141998291,2.8910882472991943,3.8274123668670654,-2.9859083902106605,-4.093700220662726,0,negligible
14,7159,car,76.53913091992308,-3.547662945938754,-2.503574848175049,4.855708599090576,2.0327565670013428,1.6493593454360962,2.2786632751545994,-0.30434700004239823,0,negligible
14,7153,car,3.2977368759437553,0.2168630406601153,-2.5589141845703125,4.901683330535889,2.128324270248413,1.5107464790344238,4.613372164841735,0.877344464085147,0,negligible
14,7160,motorcycle,-7.965916259918913,-3.50204520193563,-2.516002357006073,2.3557403087615967,0.7636788487434387,1.606824278831482,7.266139221040272,0.0698637290100426,0,negligible
14,7162,cyclist,70.83939848365411,0.0005491210149273229,-2.5189826488494873,1.4872888326644897,0.8592574596405029,1.5764673948287964,2.942938405671383,0.021910073882345806,0,negligible
14,7154,pedestrian,15.401281452734338,27.312873500974973,-2.4985114336013794,0.5,0.5,1.100000023841858,0.49802415564184344,-1.2399392346019056,0,negligible
14,7156,pedestrian,15.438119006032423,61.24823512702412,-2.347201108932495,0.3753577768802643,0.3753577768802643,1.8600000143051147,-0.9351471424964097,1.7047123366952053,0,negligible
15,7152,van,63.517500200395105,-3.499600960966518,-2.3218159675598145,4.442183971405029,1.77456533908844,1.9872066974639893,4.1184308774424805,0.040133800004369315,0,negligible
15,7151,car,5.865197930675237,36.71326601574157,-2.391903519630432,4.6045098304748535,1.9315929412841797,1.8548461198806763,-6.144212117248182,-6.644765735769676,0,negligible
15,7158,car,-9.068419173595103,0.0006265209269713523,-2.3700976371765137,3.866220712661743,1.9051965475082397,1.8779358863830566,4.911050894846115,0.045295834374786,0,negligible
15,7161,truck,0.34401213424028754,40.228430572134386,-1.4338204860687256,8.46804141998291,2.8910882472991943,3.8274123668670654,-3.0217784046279226,-4.181135576254477,0,negligible
15,7159,car,76.28147301387135,-3.537503189297041,-2.5017478466033936,4.855708599090576,2.0327565670013428,1.6493593454360962,2.783090283561595,-0.32678656321599914,0,negligible
15,7153,car,3.7701841524234396,0.26506514306674944,-2.558918595314026,4.901683330535889,2.128324270248413,1.5107464790344238,4.600765378833715,0.9318760516921368,0,negligible
15,7160,motorcycle,-8.711268542194162,-3.5021714344668453,-2.515999913215637,2.3557403087615967,0.7636788487434387,1.6068241596221924,7.604000757347317,0.07656387241583205,0,negligible
15,7162,cyclist,71.1311224591399,0.00037231248757052526,-2.518918454647064,1.4872888326644897,0.8592574596405029,1.5764672756195068,2.9551132475476067,0.028463380421642197,0,negligible
15,7154,pedestrian,15.293064670128388,27.38595461062755,-2.503256320953369,0.5,0.5,1.100000023841858,0.4804097118410188,-1.24686138490341,0,negligible
15,7156,pedestrian,15.534961062436395,61.41683842956583,-2.347201108932495,0.3753577768802643,0.3753577768802643,1.8600000143051147,-0.9603122879533278,1.6906940595528077,0,negligible
16,7152,van,63.097478159877426,-3.49960635878125,-2.321781635284424,4.442183971405029,1.77456533908844,1.9872066974639893,4.265419019392584,0.04156893827788958,0,negligible
16,7151,car,6.23163295102313,35.84951070591737,-2.389325737953186,4.6045098304748535,1.9315929412841797,1.8548461198806763,-6.710857778271036,-6.91652761532593,0,negligible
16,7158,car,-8.550580650371487,0.000547023011534975,-2.3698805570602417,3.866220712661743,1.9051965475082397,1.8779358863830566,5.383559720369162,0.05141301860066158,0,negligible
16,7161,truck,0.10598194383069881,40.69230832001294,-1.4358904361724854,8.46804141998291,2.8910882472991943,3.8274123668670654,-3.0757901386619584,-4.295379825135389,0,negligible
16,7159,car,75.97280770313301,-3.526815081739443,-2.5003843903541565,4.855708599090576,2.0327565670013428,1.6493593454360962,3.3077478727075804,-0.32916088527751897,0,negligible
16,7153,car,4.213813782836652,0.3124803393737636,-2.5584564805030823,4.901683330535889,2.128324270248413,1.5107464790344238,4.146572590367986,0.8958084502430618,0,negligible
16,7160,motorcycle,-9.489245093445547,-3.502238666148344,-2.515990436077118,2.3557403087615967,0.7636788487434387,1.606824278831482,7.921155486030074,0.07816995086475545,0,negligible
16,7162,cyclist,71.43559750409021,0.025096659564070478,-2.5192936062812805,1.4872888326644897,0.8592574596405029,1.576467514038086,3.3103877675745004,0.5203134025165544,0,negligible
16,7154,pedestrian,15.293064670128388,27.38595461062755,-2.5052613019943237,0.5,0.5,1.100000023841858,0.4699217170867,-1.218445980042033,0,negligible
16,7156,pedestrian,15.6310445343602,61.585891661845125,-2.347201108932495,0.3753577768802643,0.3753577768802643,1.8600000143051147,-0.982829341601564,1.6778476831302263,0,negligible
17,7152,van,62.662967397784925,-3.4995924229094726,-2.3217532634735107,4.442183971405029,1.77456533908844,1.9872066974639893,4.408582011191188,0.042968065292396586,0,negligible
17,7151,car,6.611724943439697,34.92865833159149,-2.385892629623413,4.6045098304748535,1.9315929412841797,1.8548461198806763,-7.23437275777259,-7.199780232183074,0,negligible
17,7158,car,-8.014354672798774,0.00044065883884059076,-2.369279980659485,3.866220712661743,1.9051965475082397,1.8779358863830566,5.376319290683241,0.05026034945975988,0,negligible
17,7161,truck,-0.13710622352424195,41.16484180063097,-1.4380288124084473,8.46804141998291,2.8910882472991943,3.8274123668670654,-3.0957999036435293,-4.356667719483186,0,negligible
17,7159,car,75.61173762628475,-3.516103808566953,-2.500150442123413,4.855708599090576,2.0327565670013428,1.6493593454360962,3.8295543836535932,-0.3136588950695633,0,negligible
17,7153,car,4.6109474952610014,0.3731673287780666,-2.557942509651184,4.901683330535889,2.128324270248413,1.5107464790344238,3.6952016828906413,1.2996987745083854,0,negligible
17,7160,motorcycle,-10.297907990832712,-3.502250551576651,-2.5159775018692017,2.3557403087615967,0.7636788487434387,1.6068243980407715,8.219388460676003,0.08109970517945618,0,negligible
17,7162,cyclist,71.77496815774586,0.07014181018411136,-2.5198599100112915,1.4872888326644897,0.8592574596405029,1.576467514038086,3.351248787845694,0.6515663218413044,0,negligible
17,7154,pedestrian,15.164049547308124,27.4207694725402,-2.5031460523605347,0.5,0.5,1.100000023841858,0.08716046427332538,-0.14182922953819818,0,negligible
17,7156,pedestrian,15.727127857365446,61.75492963606206,-2.347201108932495,0.3753577768802643,0.3753577768802643,1.8600000143051147,-0.9973104396364657,1.6692268111769093,0,negligible
18,7152,van,62.214356845789624,-3.4995782088371925,-2.321730136871338,4.442183971405029,1.77456533908844,1.9872066974639893,4.548027154442582,0.044334163377308076,0,negligible
18,7151,car,7.000186649836678,33.96870568696772,-2.381371021270752,4.6045098304748535,1.9315929412841797,1.8548461198806763,-7.41572264831179,-7.208711301326768,0,negligible
18,7158,car,-7.46811073484605,0.00034333605927372446,-2.3687682151794434,3.866220712661743,1.9051965475082397,1.8779358863830566,5.560855556277971,0.052223866630134834,0,negligible
18,7161,truck,-0.38521072308211046,41.646389206157835,-1.4401676654815674,8.46804141998291,2.8910882472991943,3.8274123668670654,-3.1404136652254664,-4.451673588462244,0,negligible
18,7159,car,75.2010479808848,-3.506312124235876,-2.500530242919922,4.855708599090576,2.0327565670013428,1.6493593454360962,4.314968470636135,-0.26875608466926737,0,negligible
18,7153,car,4.988967559647861,0.466574154971795,-2.557780086994171,4.901683330535889,2.128324270248413,1.5107464790344238,3.5370868130390147,1.8641625792499317,0,negligible
18,7160,motorcycle,-11.135419233513616,-3.5022860676892833,-2.515964090824127,2.3557403087615967,0.7636788487434387,1.606824278831482,8.50021767949562,0.08393941999945084,0,negligible
18,7162,cyclist,72.10827503414345,0.10091745786905904,-2.51949679851532,1.4872888326644897,0.8592574596405029,1.5764673948287964,3.3451627912531485,0.6328623736227355,0,negligible
18,7154,pedestrian,15.036510494286432,27.460636087275162,-2.5037617087364197,0.5,0.5,1.100000023841858,0.2519875980706743,-0.26055833897495934,0,negligible
18,7156,pedestrian,15.82321132928925,61.92398286834137,-2.347201108932495,0.3753577768802643,0.3753577768802643,1.8600000143051147,-1.0047441800078498,1.6646784484573938,0,negligible
19,7152,van,61.752004770520216,-3.499597732275646,-2.321710705757141,4.442183971405029,1.77456533908844,1.9872066974639893,4.683854285160486,0.04566329559940736,0,negligible
19,7151,car,7.39089211181755,32.99005349594225,-2.376533627510071,4.6045098304748535,1.9315929412841797,1.8548461198806763,-7.822739148776794,-7.485345174886638,0,negligible
19,7158,car,-6.903119586729801,0.00033771193500342633,-2.368591070175171,3.866220712661743,1.9051965475082397,1.8779358863830566,5.674268618338174,0.056016358877614386,0,negligible
19,7161,truck,-0.6439530924888288,42.13164168294766,-1.442230463027954,8.46804141998291,2.8910882472991943,3.8274123668670654,-3.0072990346684816,-4.629577317279919,0,negligible
19,7159,car,74.74324794491751,-3.4977391895891685,-2.5010461807250977,4.855708599090576,2.0327565670013428,1.6493593454360962,4.781668407002681,-0.2258181783245885,0,negligible
19,7153,car,5.388721869472818,0.586259374558523,-2.55815851688385,4.901683330535889,2.128324270248413,1.5107464790344238,3.7596148857164207,2.2767860426011675,0,negligible
19,7160,motorcycle,-11.986112995331865,-3.502147143967335,-2.515881061553955,2.3557403087615967,0.7636788487434387,1.606824278831482,8.495549695086408,0.08035478742133523,0,negligible
19,7162,cyclist,72.28494891953915,0.10865402189151041,-2.5168935656547546,1.4872888326644897,0.8592574596405029,1.576467514038086,0.8343753837378105,0.14820290808463343,0,negligible
19,7154,pedestrian,14.957860409434318,27.475228832842163,-2.5090084075927734,0.5,0.5,1.100000023841858,0.4369681825010297,-0.34885339011853855,0,negligible
19,7156,pedestrian,15.919294652294468,62.09302084255829,-2.347201108932495,0.3753577768802643,0.3753577768802643,1.8600000143051147,-1.0083877422838037,1.6625421700504135,0,negligible
20,7152,van,61.27626708459188,-3.4997307645083424,-2.32169246673584,4.442183971405029,1.77456533908844,1.9872066974639893,4.816129106014473,0.04978613920927101,0,negligible
20,7151,car,7.7937628237086045,31.95312092762019,-2.37282133102417,4.6045098304748535,1.9315929412841797,1.8548461198806763,-8.399034960746034,-7.620810485457185,0,negligible
20,7158,car,-6.3621010883852165,0.0003371679539725392,-2.3679686784744263,3.866220712661743,1.9051965475082397,1.8779358863830566,4.735455130955632,0.04589332051649691,0,negligible
20,7161,truck,-0.9147014416685835,42.62504547308876,-1.444277048110962,8.46804141998291,2.8910882472991943,3.8274123668670654,-3.043040290072471,-4.80639645913129,0,negligible
20,7159,car,74.23956740182484,-3.4904275273115672,-2.5013697743415833,4.855708599090576,2.0327565670013428,1.6493593454360962,5.2384423897615155,-0.17614047802615196,0,negligible
20,7153,car,5.829848351792023,0.7274229477408198,-2.5586491227149963,4.901683330535889,2.128324270248413,1.5107464790344238,4.048199477111092,2.716871684375949,0,negligible
20,7160,motorcycle,-12.833679152200133,-3.5020692646776865,-2.5158087015151978,2.3557403087615967,0.7636788487434387,1.6068243980407715,8.464349463813981,0.08145908323176707,0,negligible
20,7162,cyclist,72.28545154797206,0.09692980809174401,-2.5167075991630554,1.4872888326644897,0.8592574596405029,1.576467514038086,-0.004888257380596522,-0.028267542546473245,0,negligible
20,7154,pedestrian,14.89242458537683,27.48899066959592,-2.510591208934784,0.5,0.5,1.100000023841858,0.56095375271527,-0.3783029124002789,0,negligible
20,7156,pedestrian,16.015378124218273,62.262074074837585,-2.347201108932495,0.3753577768802643,0.3753577768802643,1.8600000143051147,-1.009990301579174,1.6615895102410594,0,negligible
21,7152,van,60.787485513671086,-3.499751748037937,-2.321675181388855,4.442183971405029,1.77456533908844,1.9872066974639893,4.945020637119555,0.04875390681543891,0,negligible
21,7151,car,8.195782726880594,30.867320434012115,-2.3689982891082764,4.6045098304748535,1.9315929412841797,1.8548461198806763,-9.011681582839511,-7.534780745407666,0,negligible
21,7158,car,-6.03112214470714,0.0003418333191120837,-2.365412473678589,3.866220712661743,1.9051965475082397,1.8779358863830566,2.0635723741453913,0.02005524075582882,0,negligible
21,7161,truck,-1.192570327024157,43.126064590182295,-1.4462313652038574,8.46804141998291,2.8910882472991943,3.8274123668670654,-3.0414374849083603,-4.900550935850232,0,negligible
21,7159,car,73.70333206399748,-3.4845377152869332,-2.501260221004486,4.855708599090576,2.0327565670013428,1.6493593454360962,5.3796386554619104,-0.12357935230489486,0,negligible
21,7153,car,6.306129521835842,0.9065600556616005,-2.557655096054077,4.901683330535889,2.128324270248413,1.5107464790344238,4.020761034104621,3.514659077005787,0,negligible
21,7160,motorcycle,-13.678247397648619,-3.5020511640124994,-2.5157668590545654,2.3557403087615967,0.7636788487434387,1.606824278831482,8.433259586932577,0.08122078127021416,0,negligible
21,7162,cyclist,72.29690146838699,0.09219442366145358,-2.517316162586212,1.4872888326644897,0.8592574596405029,1.576467514038086,-0.01067167357239376,-0.010758632883279625,0,negligible
21,7154,pedestrian,14.839241925285648,27.50507443809326,-2.512331783771515,0.5,0.5,1.100000023841858,0.5616623790441313,-0.36286685344706116,0,negligible
21,7156,pedestrian,16.11146144722352,62.43111204905452,-2.347201108932495,0.3753577768802643,0.3753577768802643,1.8600000143051147,-1.0107178578264207,1.6612132358163292,0,negligible
22,7152,van,60.28600393115194,-3.499801374708511,-2.3215463161468506,4.442183971405029,1.77456533908844,1.9872066974639893,5.070573006924745,0.0504028752241528,0,negligible
22,7151,car,8.591997237880449,29.744083970617083,-2.3646563291549683,4.6045098304748535,1.9315929412841797,1.8548461198806763,-9.421178858524064,-7.399846218514232,0,negligible
22,7158,car,-5.955175322331954,0.00036356869776454914,-2.362749695777893,3.866220712661743,1.9051965475082397,1.8779358863830566,0.0030546512574923393,6.320901437114198e-05,0,negligible
22,7161,truck,-1.4791399882586802,43.63773584148825,-1.4481894969940186,8.46804141998291,2.8910882472991943,3.8274123668670654,-3.0776971176485013,-5.0470093170476895,0,negligible
22,7159,car,73.16202825969253,-3.480643210187708,-2.5007388591766357,4.855708599090576,2.0327565670013428,1.6493593454360962,5.327105626591687,-0.07997947928747505,0,negligible
22,7153,car,6.8009683161559735,1.1109231351506423,-2.556648850440979,4.901683330535889,2.128324270248413,1.5107464790344238,3.854750281596938,3.694420497820937,0,negligible
22,7160,motorcycle,-14.519803218207812,-3.5021692812021854,-2.5157434344291687,2.3557403087615967,0.7636788487434387,1.606824278831482,8.402246702778434,0.08444378095893469,0,negligible
22,7162,cyclist,72.30719275680599,0.09323844445080454,-2.517917037010193,1.4872888326644897,0.8592574596405029,1.5764672756195068,-0.011452831161594585,0.0020460773763427394,0,negligible
22,7154,pedestrian,14.794711277334073,27.535997569489837,-2.5137773752212524,0.5,0.5,1.100000023841858,0.4476141322386957,-0.3291694309873404,0,negligible
22,7156,pedestrian,16.207544919147324,62.60016528133383,-2.347201108932495,0.3753577768802643,0.3753577768802643,1.8600000143051147,-1.0109016053391213,1.660934781716245,0,negligible
23,7152,van,59.772148775954875,-3.4998523115298497,-2.321393609046936,4.442183971405029,1.77456533908844,1.9872066974639893,5.192802591074851,0.051609959457623006,0,negligible
23,7151,car,8.97675372653947,28.611658662540947,-2.3592909574508667,4.6045098304748535,1.9315929412841797,1.8548461198806763,-9.461802353295342,-7.1152679627962625,0,negligible
23,7158,car,-5.955793273858191,0.0003695998999830863,-2.36334228515625,3.866220712661743,1.9051965475082397,1.8779358863830566,0.03518076752875878,0.00033675748758086444,0,negligible
23,7161,truck,-1.7725368573566698,44.157370525728425,-1.4501724243164062,8.46804141998291,2.8910882472991943,3.8274123668670654,-3.098091505050063,-5.164831119429868,0,negligible
23,7159,car,72.67458033191096,-3.4794564487986293,-2.499672770500183,4.855708599090576,2.0327565670013428,1.6493593454360962,4.565014977984279,-0.12245232434169712,0,negligible
23,7153,car,7.2871353016241756,1.3390688794976313,-2.5563530325889587,4.901683330535889,2.128324270248413,1.5107464790344238,3.3866998795678294,4.244146508941625,0,negligible
23,7160,motorcycle,-15.358322088679841,-3.5022560009385018,-2.5157299041748047,2.3557403087615967,0.7636788487434387,1.606824278831482,8.371411236474577,0.08267752165103376,0,negligible
23,7162,cyclist,72.31432737090162,0.09673953737313923,-2.518390655517578,1.4872888326644897,0.8592574596405029,1.5764673948287964,-0.008298027443530172,0.006786140545875845,0,negligible
23,7154,pedestrian,14.747786400036006,27.58192891308235,-2.5158496499061584,0.5,0.5,1.100000023841858,0.38790363383720455,-0.3788150857468089,0,negligible
23,7156,pedestrian,16.30362824215254,62.76920325555075,-2.347201108932495,0.3753577768802643,0.3753577768802643,1.8600000143051147,-1.0109180715225778,1.6609248124783713,0,negligible
24,7152,van,59.24624824533956,-3.499892502188885,-2.3213430643081665,4.442183971405029,1.77456533908844,1.9872066974639893,5.31180267429947,0.05278263729644013,0,negligible
24,7151,car,9.342438147262456,27.505269117503474,-2.353188157081604,4.6045098304748535,1.9315929412841797,1.8548461198806763,-9.222484838781662,-6.747887701684997,0,negligible
24,7158,car,-5.934323988746243,0.00028213596613113623,-2.3658610582351685,3.866220712661743,1.9051965475082397,1.8779358863830566,0.4254084704654382,0.00483000790174599,0,negligible
24,7161,truck,-2.0733352648851593,44.68631708575697,-1.4522556066513062,8.46804141998291,2.8910882472991943,3.8274123668670654,-3.134261558659305,-5.293944386914371,0,negligible
24,7159,car,72.24180393788066,-3.476850063140745,-2.4988579750061035,4.855708599090576,2.0327565670013428,1.6493593454360962,4.307605625430171,-0.10854591762080328,0,negligible
24,7153,car,7.765106724927762,1.6124322602660754,-2.5552534461021423,4.901683330535889,2.128324270248413,1.5107464790344238,2.669078654086975,4.7641598574500446,0,negligible
24,7160,motorcycle,-16.207697368369708,-3.5022672812345377,-2.5158040523529053,2.3557403087615967,0.7636788487434387,1.606824278831482,8.63997253031362,0.08526407792168514,0,negligible
24,7162,cyclist,72.3178944019206,0.0998787024679757,-2.5186440348625183,1.4872888326644897,0.8592574596405029,1.5764673948287964,-0.004155041103907776,0.00553367641398228,0,negligible
24,7154,pedestrian,14.695128433899754,27.63691932591263,-2.518952429294586,0.5,0.5,1.100000023841858,0.3564328247532532,-0.5281412181984448,0,negligible
24,7156,pedestrian,16.399711714076346,62.938256487830046,-2.347201108932495,0.3753577768802643,0.3753577768802643,1.8600000143051147,-1.0111429118451898,1.6609323756029313,0,negligible
25,7152,van,58.708616887923924,-3.4999402761935414,-2.321353316307068,4.442183971405029,1.77456533908844,1.9872066974639893,5.4276797847744565,0.0539376232016827,0,negligible
25,7151,car,9.687980284819645,26.436431455725767,-2.34692919254303,4.6045098304748535,1.9315929412841797,1.8548461198806763,-8.907178902885187,-6.404824515730608,0,negligible
25,7158,car,-5.873074105566559,9.634449634177145e-05,-2.3683053255081177,3.866220712661743,1.9051965475082397,1.8779358863830566,0.8046899316208614,0.007152614827781209,0,negligible
25,7161,truck,-2.381755478686472,45.226240958610816,-1.454455852508545,8.46804141998291,2.8910882472991943,3.8274123668670654,-3.162557413185759,-5.406132101346363,0,negligible
25,7159,car,71.79740748692085,-3.4742370824257875,-2.4992235898971558,4.855708599090576,2.0327565670013428,1.6493593454360962,4.587562886363909,-0.05644720910322802,0,negligible
25,7153,car,8.231959151205842,1.9144699759771981,-2.551007568836212,4.901683330535889,2.128324270248413,1.5107464790344238,2.3953216240181763,5.344975276759842,0,negligible
25,7160,motorcycle,-17.090933713599625,-3.502299046650677,-2.515887141227722,2.3557403087615967,0.7636788487434387,1.606824278831482,8.98216210437238,0.08869181079564911,0,negligible
25,7162,cyclist,72.31917088469322,0.10148375268272503,-2.51873916387558,1.4872888326644897,0.8592574596405029,1.5764672756195068,-0.0013766717465073135,0.0021418810546944816,0,negligible
25,7154,pedestrian,14.63809604470292,27.698681879555693,-2.521668493747711,0.5,0.5,1.100000023841858,0.29386863865240226,-0.6868598549536883,0,negligible
25,7156,pedestrian,16.495795037081592,63.10729446204698,-2.347201108932495,0.3753577768802643,0.3753577768802643,1.8600000143051147,-1.0111458116106085,1.6609305576094182,0,negligible
26,7152,van,58.15956558672889,-3.499998667759826,-2.3213828802108765,4.442183971405029,1.77456533908844,1.9872066974639893,5.540521915446291,0.05506783761910981,0,negligible
26,7151,car,10.0081957594914,25.427429391265036,-2.3373122215270996,4.6045098304748535,1.9315929412841797,1.8548461198806763,-8.351024367669783,-5.94102078309038,0,negligible
26,7158,car,-5.772659342066774,4.7127628562293467e-05,-2.3697521686553955,3.866220712661743,1.9051965475082397,1.8779358863830566,1.197522924737598,0.011119962632178706,0,negligible
26,7161,truck,-2.6963968159441265,45.775251553190316,-1.4567195177078247,8.46804141998291,2.8910882472991943,3.8274123668670654,-3.1850658941984604,-5.504057542907225,0,negligible
26,7159,car,71.31920722233883,-3.472423380916098,-2.5001339316368103,4.855708599090576,2.0327565670013428,1.6493593454360962,4.974160456698753,-0.03140175177151863,0,negligible
26,7153,car,8.752579772862816,2.304976410772298,-2.5467978715896606,4.901683330535889,2.128324270248413,1.5107464790344238,1.7739736220225304,6.86534513862605,0,negligible
26,7160,motorcycle,-18.008183704993357,-3.502349808001213,-2.515933096408844,2.3557403087615967,0.7636788487434387,1.606824278831482,9.322756957113162,0.09209761592432116,0,negligible
26,7162,cyclist,72.31952229556725,0.10172447516836769,-2.5187801718711853,1.4872888326644897,0.8592574596405029,1.5764673948287964,-8.106317856923093e-05,-0.0005228261930611911,0,negligible
26,7154,pedestrian,14.566397452086278,27.768858232807958,-2.5237979888916016,0.5,0.5,1.100000023841858,0.219865550730379,-0.8113680739211319,0,negligible
26,7156,pedestrian,16.591878434546103,63.2763400652951,-2.347201108932495,0.3753577768802643,0.3753577768802643,1.8600000143051147,-1.0111458116106085,1.6609305576094182,0,negligible
27,7152,van,57.602892436621204,-3.500028448685754,-2.3213367462158203,4.442183971405029,1.77456533908844,1.9872066974639893,5.564063965052935,0.05530661791321986,0,negligible
27,7151,car,10.30758647845552,24.47751704781345,-2.328068971633911,4.6045098304748535,1.9315929412841797,1.8548461198806763,-7.939686485707734,-5.625981722560553,0,negligible
27,7158,car,-5.634262644836767,0.00010025236508681701,-2.370237112045288,3.866220712661743,1.9051965475082397,1.8779358863830566,1.5290709165256589,0.015218970744730036,0,negligible
27,7161,truck,-3.016568723600443,46.33218240650052,-1.4590486288070679,8.46804141998291,2.8910882472991943,3.8274123668670654,-3.212609803652892,-5.606086229686437,0,negligible
27,7159,car,70.80146250720159,-3.471429227617648,-2.5008092522621155,4.855708599090576,2.0327565670013428,1.6493593454360962,5.294176876399776,0.0012907528203898113,0,negligible
27,7153,car,9.293933446764129,2.8067970327495573,-2.541535973548889,4.901683330535889,2.128324270248413,1.5107464790344238,0.12677122487085038,7.730049433963881,0,negligible
27,7160,motorcycle,-18.959126625403854,-3.5023921764514228,-2.5159560441970825,2.3557403087615967,0.7636788487434387,1.606824278831482,9.658196486984124,0.09543001006977732,0,negligible
27,7162,cyclist,72.3195723624595,0.10147983426276141,-2.518797755241394,1.4872888326644897,0.8592574596405029,1.576467752456665,0.00018510016294202405,-0.0008787088912042026,0,negligible
27,7154,pedestrian,14.49042529592107,27.83816072505894,-2.5289400815963745,0.5,0.5,1.100000023841858,0.1841351842506355,-0.970264246093747,0,negligible
27,7156,pedestrian,16.687961832010615,63.44538566854321,-2.347201108932495,0.3753577768802643,0.3753577768802643,1.8600000143051147,-1.0111458116106085,1.6609305576094182,0,negligible
28,7152,van,57.02864769174583,-3.5000851046852404,-2.32149875164032,4.442183971405029,1.77456533908844,1.9872066974639893,6.059748718159411,0.06024403579991128,0,negligible
28,7151,car,10.589519039331648,23.56734302037512,-2.321003794670105,4.6045098304748535,1.9315929412841797,1.8548461198806763,-7.693261919833915,-5.3320561934878326,0,negligible
28,7158,car,-5.4583045041033245,0.00016826559237870242,-2.3701751232147217,3.866220712661743,1.9051965475082397,1.8779358863830566,1.9342635366871084,0.019631880606795722,0,negligible
28,7161,truck,-3.350823466443302,46.89475939338686,-1.4614953994750977,8.46804141998291,2.8910882472991943,3.8274123668670654,-3.0348839327856174,-5.820288203301646,0,negligible
28,7159,car,70.27139881670348,-3.47080314571906,-2.5008013248443604,4.855708599090576,2.0327565670013428,1.6493593454360962,5.331901885741751,0.014168080779781633,0,negligible
28,7153,car,9.808180302987495,3.41041903533133,-2.5363320112228394,4.901683330535889,2.128324270248413,1.5107464790344238,-1.7392719028943393,8.08160990052207,0,negligible
28,7160,motorcycle,-19.943158441100096,-3.5022947117235788,-2.515965461730957,2.3557403087615967,0.7636788487434387,1.606824278831482,9.985999918957459,0.09483850905280725,0,negligible
28,7162,cyclist,72.31960699368713,0.10102171078762012,-2.5188244581222534,1.4872888326644897,0.8592574596405029,1.5764672756195068,0.0002858190819784348,-0.0013664261684127738,0,negligible
28,7154,pedestrian,14.404210995648356,27.916535775861377,-2.5328128337860107,0.5,0.5,1.100000023841858,0.15253424968950663,-1.016970572878921,0,negligible
28,7156,pedestrian,16.78404522947514,63.61443127179132,-2.347201108932495,0.3753577768802643,0.3753577768802643,1.8600000143051147,-1.0111458116106085,1.6609305576094182,0,negligible
29,7152,van,56.3894106973722,-3.500148336485296,-2.322476625442505,4.442183971405029,1.77456533908844,1.9872066974639893,6.648258027524401,0.06613329294515702,0,negligible
29,7151,car,10.857247725680068,22.6871552355895,-2.3121321201324463,4.6045098304748535,1.9315929412841797,1.8548461198806763,-7.474616040985267,-5.100953518410984,0,negligible
29,7158,car,-5.246929273304602,0.00021105812055566275,-2.369889497756958,3.866220712661743,1.9051965475082397,1.8779358863830566,2.2615369645703765,0.022516527764400766,0,negligible
29,7161,truck,-3.697070999947144,47.45980339525576,-1.463995099067688,8.46804141998291,2.8910882472991943,3.8274123668670654,-3.0131302219752607,-5.9998967375379015,0,negligible
29,7159,car,69.73153277750768,-3.4705696974774867,-2.5005578994750977,4.855708599090576,2.0327565670013428,1.6493593454360962,5.480119183351409,0.03412308162851543,0,negligible
29,7153,car,10.283287604145826,4.104835670910518,-2.5233113765716553,4.901683330535889,2.128324270248413,1.5107464790344238,-3.683575860947163,7.89844208258089,0,negligible
29,7160,motorcycle,-20.9594410010814,-3.5021724107758416,-2.5159672498703003,2.3557403087615967,0.7636788487434387,1.6068241596221924,10.304354432521745,0.09890234882314476,0,negligible
29,7162,cyclist,72.31962559082572,0.10077737702656009,-2.5188527703285217,1.4872888326644897,0.8592574596405029,1.5764672756195068,-6.483090228032699e-05,0.00034846898791757565,0,negligible
29,7154,pedestrian,14.319858762477025,27.99182549022308,-2.5370960235595703,0.5,0.5,1.100000023841858,0.1539298315487221,-1.1550179603821193,0,negligible
29,7156,pedestrian,16.880128626939666,63.78347687503944,-2.347201108932495,0.3753577768802643,0.3753577768802643,1.8600000143051147,-1.0111458116106085,1.6609305576094182,0,negligible
30,7152,van,55.703221935848916,-3.5002263643832237,-2.3232991695404053,4.442183971405029,1.77456533908844,1.9872066974639893,7.032212444798905,0.06998773580282625,0,negligible
30,7151,car,11.115388604310382,21.832269747870015,-2.30532443523407,4.6045098304748535,1.9315929412841797,1.8548461198806763,-7.298892176930423,-4.933604218665291,0,negligible
30,7158,car,-4.998473227967295,0.00027343007459990076,-2.369660973548889,3.866220712661743,1.9051965475082397,1.8779358863830566,2.6621808965528624,0.027308720978447245,0,negligible
30,7161,truck,-4.052631207652809,48.03221707780082,-1.46657395362854,8.46804141998291,2.8910882472991943,3.8274123668670654,-2.9692967337520146,-6.092059905647238,0,negligible
30,7159,car,69.16836610182666,-3.4708565514751513,-2.5005200505256653,4.855708599090576,2.0327565670013428,1.6493593454360962,5.780100432820549,0.05283572620755254,0,negligible
30,7153,car,10.702578917920135,4.889492504096921,-2.506504237651825,4.901683330535889,2.128324270248413,1.5107464790344238,-5.713853343897589,7.223648548616183,0,negligible
30,7160,motorcycle,-22.006960239874047,-3.5020962089428735,-2.515964925289154,2.3557403087615967,0.7636788487434387,1.6068241596221924,10.612162908888612,0.10203469860737982,0,negligible
30,7162,cyclist,72.31963906186522,0.10059413135948603,-2.5188724398612976,1.4872888326644897,0.8592574596405029,1.576467752456665,-4.0288608292417486e-05,0.00020983348013421088,0,negligible
30,7154,pedestrian,14.234920251068857,28.06802123808933,-2.5400205850601196,0.5,0.5,1.100000023841858,0.1434858586500262,-1.1215734499356302,0,negligible
30,7156,pedestrian,16.976212024404177,63.95252247828756,-2.347201108932495,0.3753577768802643,0.3753577768802643,1.8600000143051147,-1.0111458116106085,1.6609305576094182,0,negligible
31,7152,van,54.98485299857906,-3.5002802448096872,-2.3235443830490112,4.442183971405029,1.77456533908844,1.9872066974639893,7.300167540760217,0.0726858613374801,0,negligible
31,7151,car,11.366103542502856,20.999048952158944,-2.3019758462905884,4.6045098304748535,1.9315929412841797,1.8548461198806763,-7.134062460258788,-4.793894211908972,0,negligible
31,7158,car,-4.706794551229251,0.00034121591582447763,-2.3696210384368896,3.866220712661743,1.9051965475082397,1.8779358863830566,3.129761737979264,0.03203533582276484,0,negligible
31,7161,truck,-4.417475766938821,48.612557136920884,-1.4692065715789795,8.46804141998291,2.8910882472991943,3.8274123668670654,-2.9595237193963597,-6.233537340245038,0,negligible
31,7159,car,68.56064368441238,-3.4717156698143867,-2.5008917450904846,4.855708599090576,2.0327565670013428,1.6493593454360962,6.383706283650424,0.06954499288679263,0,negligible
31,7153,car,11.035481691601419,5.762032767021196,-2.492842674255371,4.901683330535889,2.128324270248413,1.5107464790344238,-7.78978388850836,5.640201899644504,0,negligible
31,7160,motorcycle,-23.08464779527455,-3.5020460144000367,-2.5159597992897034,2.3557403087615967,0.7636788487434387,1.6068241596221924,10.908704871279571,0.10487940381153284,0,negligible
31,7162,cyclist,72.31964448580146,0.10056355939028094,-2.5188781023025513,1.4872888326644897,0.8592574596405029,1.576467514038086,5.365143989581534e-06,-2.6589765224411183e-05,0,negligible
31,7154,pedestrian,14.155516693338924,28.143781476954018,-2.542575478553772,0.5,0.5,1.100000023841858,0.12441766632983808,-1.1342806388352085,0,negligible
31,7156,pedestrian,17.072295496327982,64.12157571056686,-2.347201108932495,0.3753577768802643,0.3753577768802643,1.8600000143051147,-1.0111458116106085,1.6609305576094182,0,negligible
32,7152,van,54.24271328302687,-3.5003615343887304,-2.323257327079773,4.442183971405029,1.77456533908844,1.9872066974639893,7.5064918174521615,0.07475760624510633,0,negligible
32,7151,car,11.609840487686867,20.185703113141727,-2.3007664680480957,4.6045098304748535,1.9315929412841797,1.8548461198806763,-6.967123339732758,-4.663503428891107,0,negligible
32,7158,car,-4.367384038902571,0.0004161843928613962,-2.3697168827056885,3.866220712661743,1.9051965475082397,1.8779358863830566,3.5983225375735874,0.03701411096834621,0,negligible
32,7161,truck,-4.788737737906274,49.197507165644936,-1.4718023538589478,8.46804141998291,2.8910882472991943,3.8274123668670654,-2.9239232641060178,-6.2996878347851295,0,negligible
32,7159,car,67.9045684728281,-3.4730794742604587,-2.5012465715408325,4.855708599090576,2.0327565670013428,1.6493593454360962,6.7422184981675795,0.08081299872428678,0,negligible
32,7153,car,11.262785724456364,6.712450594529287,-2.483942210674286,4.901683330535889,2.128324270248413,1.5107464790344238,-9.320642021567885,3.4201752959041087,0,negligible
32,7160,motorcycle,-24.191320571774455,-3.5019723360872774,-2.5159530639648438,2.3557403087615967,0.7636788487434387,1.606824278831482,11.19357735799887,0.10757771994540198,0,negligible
32,7162,cyclist,72.31963906186522,0.10059413135948603,-2.51887583732605,1.4872888326644897,0.8592574596405029,1.5764673948287964,1.5176993220379622e-05,-7.593169333168733e-05,0,negligible
32,7154,pedestrian,14.075755154634635,28.21647804703042,-2.5450302958488464,0.5,0.5,1.100000023841858,0.11330074381872723,-1.0916262554725804,0,negligible
32,7156,pedestrian,17.168378819333213,64.29061368478378,-2.347201108932495,0.3753577768802643,0.3753577768802643,1.8600000143051147,-1.0111458116106085,1.6609305576094182,0,negligible
33,7152,van,53.481541311071624,-3.500424923963152,-2.322685122489929,4.442183971405029,1.77456533908844,1.9872066974639893,7.6801265993664005,0.07650755436641482,0,negligible
33,7151,car,11.84563892652558,19.392317903000418,-2.3002917766571045,4.6045098304748535,1.9315929412841797,1.8548461198806763,-6.800710561319014,-4.513036570189731,0,negligible
33,7158,car,-3.9953714001004528,0.0005086657099866443,-2.369599938392639,3.866220712661743,1.9051965475082397,1.8779358863830566,3.7106674732489617,0.038280284038474666,0,negligible
33,7161,truck,-5.16862635985153,49.79132324177196,-1.4744524955749512,8.46804141998291,2.8910882472991943,3.8274123668670654,-2.932911450186545,-6.439403916900528,0,negligible
33,7159,car,67.19763757785348,-3.4747862009911614,-2.501538097858429,4.855708599090576,2.0327565670013428,1.6493593454360962,7.2761352547267935,0.10694094452950091,0,negligible
33,7153,car,11.351248701244984,7.67826226424998,-2.4725438952445984,4.901683330535889,2.128324270248413,1.5107464790344238,-9.527571979378312,0.25398035726387147,0,negligible
33,7160,motorcycle,-25.32582658566436,-3.5018864173569,-2.515945613384247,2.3557403087615967,0.7636788487434387,1.6068243980407715,11.465958955989047,0.11016799286585638,0,negligible
33,7162,cyclist,72.31963474047645,0.10063995208366805,-2.5188727974891663,1.4872888326644897,0.8592574596405029,1.5764672756195068,1.5461525513805096e-05,-7.821010024818788e-05,0,negligible
33,7154,pedestrian,13.992620668632625,28.29302241600203,-2.5485714077949524,0.5,0.5,1.100000023841858,0.10690257594312413,-1.0740025597414433,0,negligible
33,7156,pedestrian,17.264469920288207,64.45966684260381,-2.347201108932495,0.3753577768802643,0.3753577768802643,1.8600000143051147,-1.0111488407745854,1.660928746507784,0,negligible
34,7152,van,52.70403761083533,-3.5005120301828185,-2.322083353996277,4.442183971405029,1.77456533908844,1.9872066974639893,7.8358858814449555,0.0780725880618958,0,negligible
34,7151,car,12.074047485222366,18.6203833996978,-2.3003753423690796,4.6045098304748535,1.9315929412841797,1.8548461198806763,-6.614768781435497,-4.367718701473371,0,negligible
34,7158,car,-3.6400913115539026,0.0005508233696502884,-2.3688467741012573,3.866220712661743,1.9051965475082397,1.8779358863830566,3.37132755337804,0.03308622661973688,0,negligible
34,7161,truck,-5.553666272138145,50.389706411136615,-1.47706937789917,8.46804141998291,2.8910882472991943,3.8274123668670654,-2.9207917765687306,-6.521598361468135,0,negligible
34,7159,car,66.45344503955431,-3.4770600848296453,-2.5014633536338806,4.855708599090576,2.0327565670013428,1.6493593454360962,7.571100557760582,0.11820619306807052,0,negligible
34,7153,car,11.295417859158789,8.665197534992274,-2.4669353365898132,4.901683330535889,2.128324270248413,1.5107464790344238,-9.85965592452748,-2.779129603094156,0,negligible
34,7160,motorcycle,-26.485847802811662,-3.501932958331082,-2.5159318447113037,2.3557403087615967,0.7636788487434387,1.6068243980407715,11.703198813963223,0.11636937268879798,0,negligible
34,7162,cyclist,72.31963056800625,0.1007010308702263,-2.518870234489441,1.4872888326644897,0.8592574596405029,1.576467514038086,1.0282512127759385e-05,-5.208149402046987e-05,0,negligible
34,7154,pedestrian,13.909979584408845,28.37165252304345,-2.55230712890625,0.5,0.5,1.100000023841858,0.09949354048963409,-1.1257099155232937,0,negligible
34,7156,pedestrian,17.36054561426225,64.62870489128002,-2.347201108932495,0.3753577768802643,0.3753577768802643,1.8600000143051147,-1.0111488407745854,1.660928746507784,0,negligible
35,7152,van,51.911739878858114,-3.5005920824068824,-2.321618914604187,4.442183971405029,1.77456533908844,1.9872066974639893,7.981372820297951,0.07953625245862618,0,negligible
35,7151,car,12.295217931440234,17.871378295017223,-2.3001868724823,4.6045098304748535,1.9315929412841797,1.8548461198806763,-6.416681115828174,-4.225425371354445,0,negligible
35,7158,car,-3.315818286290181,0.000620938447809749,-2.368040919303894,3.866220712661743,1.9051965475082397,1.8779358863830566,3.167556012076402,0.0322494152648297,0,negligible
35,7161,truck,-5.9512353155067785,50.990325307667064,-1.4797110557556152,8.46804141998291,2.8910882472991943,3.8274123668670654,-2.7392737182186777,-6.742679610749361,0,negligible
35,7159,car,65.68402717249923,-3.479667631251317,-2.501133441925049,4.855708599090576,2.0327565670013428,1.6493593454360962,7.772777368937827,0.12800825184691883,0,negligible
35,7153,car,11.1033300686274,9.702460977820834,-2.469324827194214,4.901683330535889,2.128324270248413,1.5107464790344238,-9.364685681628439,-5.467871884687842,0,negligible
35,7160,motorcycle,-27.667262163677606,-3.50190803802667,-2.515911102294922,2.3557403087615967,0.7636788487434387,1.6068243980407715,11.899717795654505,0.11365424652196504,0,negligible
35,7162,cyclist,72.31962866074845,0.10070104948505332,-2.518869161605835,1.4872888326644897,0.8592574596405029,1.576467514038086,-3.316275960108471e-07,2.1928271142632607e-06,0,negligible
35,7154,pedestrian,13.790727451009303,28.4319470467681,-2.5555092692375183,0.5,0.5,1.100000023841858,0.2632369081034444,-1.1098632950869742,0,negligible
35,7156,pedestrian,17.456629086186055,64.79775812355932,-2.347201108932495,0.3753577768802643,0.3753577768802643,1.8600000143051147,-1.0111488407745854,1.660928746507784,0,negligible
36,7152,van,51.105519462799734,-3.500505730307907,-2.3213531970977783,4.442183971405029,1.77456533908844,1.9872066974639893,8.120627808993678,0.07645115949576974,0,negligible
36,7151,car,12.508816821585512,17.14553473610289,-2.300247311592102,4.6045098304748535,1.9315929412841797,1.8548461198806763,-6.21981457517008,-4.0847824773491626,0,negligible
36,7158,car,-2.9962529689438213,0.0006759626564303289,-2.367860436439514,3.866220712661743,1.9051965475082397,1.8779358863830566,3.2494083872647113,0.03286944493202984,0,negligible
36,7161,truck,-6.361132156775071,51.59348315666938,-1.4823907613754272,8.46804141998291,2.8910882472991943,3.8274123668670654,-2.651963614677975,-6.826700814712668,0,negligible
36,7159,car,64.90101279112993,-3.481913583058713,-2.500685751438141,4.855708599090576,2.0327565670013428,1.6493593454360962,7.857665862740675,0.11659491037988726,0,negligible
36,7153,car,10.791681780697559,10.770769462176673,-2.4749982357025146,4.901683330535889,2.128324270248413,1.5107464790344238,-8.68501245766918,-7.327917352729299,0,negligible
36,7160,motorcycle,-28.866399210749265,-3.5017559229862627,-2.5158886909484863,2.3557403087615967,0.7636788487434387,1.6068243980407715,12.062362898662492,0.11561644906598174,0,negligible
36,7162,cyclist,72.31962866074845,0.10070104948505332,-2.518869161605835,1.4872888326644897,0.8592574596405029,1.576467514038086,-2.824912417226878e-06,1.4752547391063773e-05,0,negligible
36,7154,pedestrian,13.736220915180894,28.553944776076094,-2.557719111442566,0.5,0.5,1.100000023841858,0.05476670390339757,-1.3324722809632448,0,negligible
36,7156,pedestrian,17.552712409191287,64.96679609777624,-2.347201108932495,0.3753577768802643,0.3753577768802643,1.8600000143051147,-1.0111488407745854,1.660928746507784,0,negligible
37,7152,van,50.28584757557097,-3.5004406871101708,-2.3212660551071167,4.442183971405029,1.77456533908844,1.9872066974639893,8.25568581164311,0.0803011558026097,0,negligible
37,7151,car,12.715116418083795,16.44260591342254,-2.300345301628113,4.6045098304748535,1.9315929412841797,1.8548461198806763,-6.026132980525752,-3.949483546234261,0,negligible
37,7158,car,-2.6560500798035918,0.0006363809310130364,-2.3682851791381836,3.866220712661743,1.9051965475082397,1.8779358863830566,3.565779565020913,0.034351216765820494,0,negligible
37,7161,truck,-6.779384332565172,52.201254629872125,-1.4851161241531372,8.46804141998291,2.8910882472991943,3.8274123668670654,-2.6159181917358207,-6.982775803050574,0,negligible
37,7159,car,64.1136205658909,-3.483796357310837,-2.5002622604370117,4.855708599090576,2.0327565670013428,1.6493593454360962,7.88227728821468,0.11358474707432256,0,negligible
37,7153,car,10.400102592367986,11.86471582278773,-2.480905771255493,4.901683330535889,2.128324270248413,1.5107464790344238,-8.504130508451684,-8.201407120759301,0,negligible
37,7160,motorcycle,-30.080224078799503,-3.501658828629786,-2.515867292881012,2.3557403087615967,0.7636788487434387,1.6068241596221924,12.196970228708947,0.11710068050419772,0,negligible
37,7162,cyclist,72.31963041908767,0.10068577280785007,-2.5188698768615723,1.4872888326644897,0.8592574596405029,1.5764671564102173,-3.4078737799214235e-06,1.6950157505347596e-05,0,negligible
37,7154,pedestrian,13.681714379352485,28.675942505384086,-2.55928635597229,0.5,0.5,1.100000023841858,-0.3528553401108359,-1.2888515557732338,0,negligible
37,7156,pedestrian,17.648795881115092,65.13584933005555,-2.347201108932495,0.3753577768802643,0.3753577768802643,1.8600000143051147,-1.0111488407745854,1.660928746507784,0,negligible
38,7152,van,49.452994898860425,-3.5004148541807467,-2.3213000297546387,4.442183971405029,1.77456533908844,1.9872066974639893,8.387804885409746,0.08111124185325701,0,negligible
38,7151,car,12.914628198045776,15.761839118688187,-2.3003783226013184,4.6045098304748535,1.9315929412841797,1.8548461198806763,-5.8381952375669846,-3.824302167652144,0,negligible
38,7158,car,-2.275527506999282,0.008046670529466837,-2.3690019845962524,3.866220712661743,1.9051965475082397,1.8779358863830566,4.026929364291825,0.21834487561603488,0,negligible
38,7161,truck,-7.207653842603946,52.81689859549192,-1.4879215955734253,8.46804141998291,2.8910882472991943,3.8274123668670654,-2.5731766078763383,-7.093153087481277,0,negligible
38,7159,car,63.32390515173651,-3.4856717167724867,-2.5000023245811462,4.855708599090576,2.0327565670013428,1.6493593454360962,7.919635120190894,0.11614803445995643,0,negligible
38,7153,car,9.984830252428026,12.991213082886986,-2.4859352707862854,4.901683330535889,2.128324270248413,1.5107464790344238,-9.126573299983184,-8.046735380150574,0,negligible
38,7160,motorcycle,-31.30619555584981,-3.501565259587835,-2.5158478021621704,2.3557403087615967,0.7636788487434387,1.606824278831482,12.308358144772795,0.1182349406697418,0,negligible
38,7162,cyclist,72.31963041908767,0.10068577280785007,-2.518869638442993,1.4872888326644897,0.8592574596405029,1.576467514038086,-2.4859260112479746e-06,1.2318071429446582e-05,0,negligible
38,7154,pedestrian,13.627207843524076,28.797940234692078,-2.56180477142334,0.5,0.5,1.100000023841858,-0.6155950216417139,-1.1860756931447276,0,negligible
38,7156,pedestrian,17.744879204120323,65.30488730427248,-2.347201108932495,0.3753577768802643,0.3753577768802643,1.8600000143051147,-1.0111488407745854,1.660928746507784,0,negligible
39,7152,van,48.60713749605972,-3.500368911833732,-2.3213865756988525,4.442183971405029,1.77456533908844,1.9872066974639893,8.517557338118424,0.08236258934154357,0,negligible
39,7151,car,13.107645260314527,15.101995470475913,-2.3003333806991577,4.6045098304748535,1.9315929412841797,1.8548461198806763,-5.664262688651559,-3.7006389626275773,0,negligible
39,7158,car,-1.8466153516370412,0.018753778575529623,-2.36963951587677,3.866220712661743,1.9051965475082397,1.8779358863830566,4.514440452744219,0.24008728540704952,0,negligible
39,7161,truck,-7.643005830304702,53.437021686112246,-1.4907294511795044,8.46804141998291,2.8910882472991943,3.8274123668670654,-2.5375142501216215,-7.197333496644394,0,negligible
39,7159,car,62.527234982142716,-3.487570754968573,-2.4999756813049316,4.855708599090576,2.0327565670013428,1.6493593454360962,8.026437293984468,0.117175657991923,0,negligible
39,7153,car,9.590437698979258,14.161194550221666,-2.4893921613693237,4.901683330535889,2.128324270248413,1.5107464790344238,-10.085979067701686,-7.42656288613939,0,negligible
39,7160,motorcycle,-32.53827234271064,-3.5016257359897907,-2.5158056020736694,2.3557403087615967,0.7636788487434387,1.6068243980407715,12.30371277316548,0.12233922358353093,0,negligible
39,7162,cyclist,72.31963041908767,0.10068577280785007,-2.518869698047638,1.4872888326644897,0.8592574596405029,1.5764673948287964,0.0,0.0,0,negligible
39,7154,pedestrian,13.572701307695667,28.91993796400007,-2.56180477142334,0.5,0.5,1.100000023841858,-0.7528667605698005,-1.1040510013098832,0,negligible
39,7156,pedestrian,17.84096267604413,65.47394053655178,-2.347201108932495,0.3753577768802643,0.3753577768802643,1.8600000143051147,-1.0111488407745854,1.660928746507784,0,negligible
40,7152,van,47.74841417891598,-3.500151619712483,-2.321472406387329,4.442183971405029,1.77456533908844,1.9872066974639893,8.645291393300573,0.07891722635134055,0,negligible
40,7151,car,13.294676401466418,14.462047615374956,-2.3001099824905396,4.6045098304748535,1.9315929412841797,1.8548461198806763,-5.495968685806322,-3.5867683065761553,0,negligible
40,7158,car,-1.3684671696428268,0.031147194620245955,-2.3700066804885864,3.866220712661743,1.9051965475082397,1.8779358863830566,4.99935784015787,0.289838856821712,0,negligible
40,7161,truck,-8.087020684289143,54.06464545093074,-1.4935879707336426,8.46804141998291,2.8910882472991943,3.8274123668670654,-2.511450838223447,-7.302176921016494,0,negligible
40,7159,car,61.715731621905704,-3.489370799883517,-2.5001498460769653,4.855708599090576,2.0327565670013428,1.6493593454360962,8.20880089691266,0.11528534471538404,0,negligible
40,7153,car,9.218365571382577,15.379208759392782,-2.4922555088996887,4.901683330535889,2.128324270248413,1.5107464790344238,-10.902983439537438,-6.930584869812105,0,negligible
40,7160,motorcycle,-33.7656269081846,-3.501747560752591,-2.5157593488693237,2.3557403087615967,0.7636788487434387,1.606824278831482,12.251680545033299,0.12124500085568264,0,negligible
40,7162,cyclist,72.3196321774269,0.10067049613064682,-2.5188701152801514,1.4872888326644897,0.8592574596405029,1.5764671564102173,6.299487463601405e-07,-2.69765827785067e-06,0,negligible
40,7154,pedestrian,13.518194771867257,29.041935693308062,-2.56180477142334,0.5,0.5,1.100000023841858,-0.8200641993535588,-1.0549337244048762,0,negligible
40,7156,pedestrian,17.93704599904936,65.6429785107687,-2.347201108932495,0.3753577768802643,0.3753577768802643,1.8600000143051147,-1.0111488407745854,1.660928746507784,0,negligible
41,7152,van,46.876989063151,-3.5001460674807277,-2.321529984474182,4.442183971405029,1.77456533908844,1.9872066974639893,8.770978286311395,0.08734090965878635,0,negligible
41,7151,car,13.476103554000517,13.841259368967712,-2.2993873357772827,4.6045098304748535,1.9315929412841797,1.8548461198806763,-5.33429000084899,-3.4797321815597457,0,negligible
41,7158,car,-0.8450190943539866,0.045311113842785744,-2.3698681592941284,3.866220712661743,1.9051965475082397,1.8779358863830566,5.301318848639688,0.33285747883319833,0,negligible
41,7161,truck,-8.538096611936325,54.698159637060286,-1.496435523033142,8.46804141998291,2.8910882472991943,3.8274123668670654,-2.489428544147753,-7.397724396595836,0,negligible
41,7159,car,60.88415419575273,-3.491188555288346,-2.500389814376831,4.855708599090576,2.0327565670013428,1.6493593454360962,8.414318207395851,0.12004200438005873,0,negligible
41,7153,car,8.856584662294395,16.64242802881975,-2.4945789575576782,4.901683330535889,2.128324270248413,1.5107464790344238,-11.39685569169261,-6.879881705617147,0,negligible
41,7160,motorcycle,-34.987892016344645,-3.5018275014853657,-2.5157321095466614,2.3557403087615967,0.7636788487434387,1.606824278831482,12.199933806836789,0.12051093996386886,0,negligible
41,7162,cyclist,72.3196321774269,0.10067049613064682,-2.518869936466217,1.4872888326644897,0.8592574596405029,1.5764673948287964,7.249905304305507e-07,-3.591032839557782e-06,0,negligible
41,7154,pedestrian,13.463688236038848,29.163933422616054,-2.5647007822990417,0.5,0.5,1.100000023841858,-0.8524958968196918,-1.0289933850115731,0,negligible
41,7156,pedestrian,18.033129396513885,65.81202411401682,-2.347201108932495,0.3753577768802643,0.3753577768802643,1.8600000143051147,-1.0111488407745854,1.660928746507784,0,negligible
42,7152,van,45.99304366477631,-3.500125133996079,-2.3215513229370117,4.442183971405029,1.77456533908844,1.9872066974639893,8.894891196003481,0.08561255246900278,0,negligible
42,7151,car,13.641879898792638,13.27340653954846,-2.296896815299988,4.6045098304748535,1.9315929412841797,1.8548461198806763,-4.1356239776189385,-2.6963547773509777,0,negligible
42,7158,car,-0.3132008146871357,0.06029365136720344,-2.3692121505737305,3.866220712661743,1.9051965475082397,1.8779358863830566,5.316813926804156,0.35004257327209076,0,negligible
42,7161,truck,-8.998670866515226,55.33252950257993,-1.4992495775222778,8.46804141998291,2.8910882472991943,3.8274123668670654,-2.3315518544401588,-7.513813049502023,0,negligible
42,7159,car,60.033563883611805,-3.4929580807120146,-2.50053733587265,4.855708599090576,2.0327565670013428,1.6493593454360962,8.581378428493599,0.11882737908889257,0,negligible
42,7153,car,8.494253429988603,17.946197202931955,-2.4978888630867004,4.901683330535889,2.128324270248413,1.5107464790344238,-11.789128542428037,-6.9850119876336185,0,negligible
42,7160,motorcycle,-36.20504478009721,-3.501865781566039,-2.515717625617981,2.3557403087615967,0.7636788487434387,1.6068241596221924,12.148467263215197,0.1199559140273409,0,negligible
42,7162,cyclist,72.3196321774269,0.10067049613064682,-2.518869936466217,1.4872888326644897,0.8592574596405029,1.5764673948287964,5.262357102867893e-07,-2.8641015989207565e-06,0,negligible
42,7154,pedestrian,13.40918170021044,29.285931151924046,-2.5647007822990417,0.5,0.5,1.100000023841858,-0.8679972442486764,-1.0159603346051986,0,negligible
42,7156,pedestrian,18.129212793978397,65.98106971726494,-2.347201108932495,0.3753577768802643,0.3753577768802643,1.8600000143051147,-1.0111488407745854,1.660928746507784,0,negligible
43,7152,van,45.0967725240872,-3.5000907179703518,-2.3215445280075073,4.442183971405029,1.77456533908844,1.9872066974639893,9.016908918418517,0.08727032927174556,0,negligible
43,7151,car,13.74163474025221,12.931352235432513,-2.29056715965271,4.6045098304748535,1.9315929412841797,1.8548461198806763,-1.9505665379307697,-1.2707292105148644,0,negligible
43,7158,car,0.22523135408015094,0.0759440941434093,-2.3686554431915283,3.866220712661743,1.9051965475082397,1.8779358863830566,5.396999354884341,0.3698122327620691,0,negligible
43,7161,truck,-9.46906885001654,55.96881113000222,-1.5020952224731445,8.46804141998291,2.8910882472991943,3.8274123668670654,-2.259955425923233,-7.619067573561162,0,negligible
43,7159,car,59.169520995002884,-3.494275859258778,-2.5005152821540833,4.855708599090576,2.0327565670013428,1.6493593454360962,8.685812584720518,0.10788515877896043,0,negligible
43,7153,car,8.12946959934898,19.28948194132849,-2.5024686455726624,4.901683330535889,2.128324270248413,1.5107464790344238,-12.147989376325413,-7.146764853629813,0,negligible
43,7160,motorcycle,-37.41709357306635,-3.501938616847127,-2.515709161758423,2.3557403087615967,0.7636788487434387,1.6068243980407715,12.097289341782941,0.11947597632133268,0,negligible
43,7162,cyclist,72.3196321774269,0.10067049613064682,-2.518869936466217,1.4872888326644897,0.8592574596405029,1.5764673948287964,2.3326652513718193e-07,-1.4466034549040625e-06,0,negligible
43,7154,pedestrian,13.35467516438203,29.40792888123204,-2.5647007822990417,0.5,0.5,1.100000023841858,-0.8753591476231787,-1.0096010935085442,0,negligible
43,7156,pedestrian,18.225296191442908,66.15011532051305,-2.347201108932495,0.3753577768802643,0.3753577768802643,1.8600000143051147,-1.0111488407745854,1.660928746507784,0,negligible
44,7152,van,44.18838162492575,-3.500044829804267,-2.321521282196045,4.442183971405029,1.77456533908844,1.9872066974639893,9.137081419569894,0.0884954984009368,0,negligible
44,7151,car,13.771036075110956,12.830123581474652,-2.285235047340393,4.6045098304748535,1.9315929412841797,1.8548461198806763,-0.028283055548723172,-0.01733134425505265,0,negligible
44,7158,car,0.7649578923497273,0.09210072742092734,-2.3682867288589478,3.866220712661743,1.9051965475082397,1.8779358863830566,5.33610544864106,0.37686918668182784,0,negligible
44,7161,truck,-9.94699540930985,56.60842414289502,-1.504982352256775,8.46804141998291,2.8910882472991943,3.8274123668670654,-2.2003359304651626,-7.710922163252729,0,negligible
44,7159,car,58.29750433698396,-3.4952716616232635,-2.5003700256347656,4.855708599090576,2.0327565670013428,1.6493593454360962,8.748821063221534,0.10472585874425601,0,negligible
44,7153,car,7.759191157056861,20.67173207243519,-2.5077685713768005,4.901683330535889,2.128324270248413,1.5107464790344238,-12.497439722509343,-7.3265973689874615,0,negligible
44,7160,motorcycle,-38.625983500367894,-3.5019965040858096,-2.515719473361969,2.3557403087615967,0.7636788487434387,1.6068241596221924,12.10304016986895,0.11956780510406423,0,negligible
44,7162,cyclist,72.3196321774269,0.10067049613064682,-2.518869936466217,1.4872888326644897,0.8592574596405029,1.5764673948287964,-6.090418729384277e-08,4.447737017263297e-07,0,negligible
44,7154,pedestrian,13.300168628553621,29.52992661054003,-2.567477822303772,0.5,0.5,1.100000023841858,-0.8787982062115112,-1.0066386505183442,0,negligible
44,7156,pedestrian,18.321379588907433,66.31916092376116,-2.347201108932495,0.3753577768802643,0.3753577768802643,1.8600000143051147,-1.0111488407745854,1.660928746507784,0,negligible
45,7152,van,43.26806902426571,-3.500019921564075,-2.3214932680130005,4.442183971405029,1.77456533908844,1.9872066974639893,9.255417589586902,0.08964592091035024,0,negligible
45,7151,car,13.77036163944311,12.832159679565791,-2.286476254463196,4.6045098304748535,1.9315929412841797,1.8548461198806763,0.019357081995485574,0.01305319076316977,0,negligible
45,7158,car,1.2862316253820723,0.10784233882111494,-2.3678795099258423,3.866220712661743,1.9051965475082397,1.8779358863830566,4.899943012160018,0.35486718813249457,0,negligible
45,7161,truck,-10.434014868085143,57.251345660256106,-1.5086051225662231,8.46804141998291,2.8910882472991943,3.8274123668670654,-2.114830043453282,-7.81035011005784,0,negligible
45,7159,car,57.419656475970314,-3.4960884753640187,-2.5002152919769287,4.855708599090576,2.0327565670013428,1.6493593454360962,8.809691729546769,0.10141256172199506,0,negligible
45,7153,car,7.363114282567523,22.085805934277573,-2.5151224732398987,4.901683330535889,2.128324270248413,1.5107464790344238,-12.3903908425251,-8.060711890698608,0,negligible
45,7160,motorcycle,-39.841084203649416,-3.502070071776984,-2.5157554745674133,2.3557403087615967,0.7636788487434387,1.6068240404129028,12.194055774186346,0.12048729526864493,0,negligible
45,7162,cyclist,72.3196321774269,0.10067049613064682,-2.518869936466217,1.4872888326644897,0.8592574596405029,1.5764673948287964,-4.760328591216528e-08,7.728752566899863e-07,0,negligible
45,7154,pedestrian,13.26330251732881,29.63789652907232,-2.567477822303772,0.5,0.5,1.100000023841858,-0.921418027820336,-0.9677996699771457,0,negligible
45,7156,pedestrian,18.41746298637196,66.48820652700928,-2.347201108932495,0.3753577768802643,0.3753577768802643,1.8600000143051147,-1.0111488407745854,1.660928746507784,0,negligible
46,7152,van,42.33602753274681,-3.4998042418586124,-2.3214657306671143,4.442183971405029,1.77456533908844,1.9872066974639893,9.372004804285798,0.08579144747962109,0,negligible
46,7151,car,13.768056436673447,12.839872974300874,-2.2905627489089966,4.6045098304748535,1.9315929412841797,1.8548461198806763,0.026749259482336404,0.01779709698967806,0,negligible
46,7158,car,1.6913425095206094,0.11969731804364869,-2.3667285442352295,3.866220712661743,1.9051965475082397,1.8779358863830566,3.9588332114048383,0.31672440611709607,0,negligible
46,7161,truck,-10.928353682877074,57.89714636538757,-1.5126221179962158,8.46804141998291,2.8910882472991943,3.8274123668670654,-2.058652616623595,-7.893414169928483,0,negligible
46,7159,car,56.534417544237456,-3.496878930857889,-2.5001426935195923,4.855708599090576,2.0327565670013428,1.6493593454360962,8.899760298796707,0.10388978530746683,0,negligible
46,7153,car,6.938436033418171,23.503271886547793,-2.5223951935768127,4.901683330535889,2.128324270248413,1.5107464790344238,-12.073553015740698,-8.521315569397917,0,negligible
46,7160,motorcycle,-41.06788140309095,-3.5021515578805804,-2.5157917737960815,2.3557403087615967,0.7636788487434387,1.6068243980407715,12.330031279048367,0.1218380332874651,0,negligible
46,7162,cyclist,72.3196321774269,0.10067049613064682,-2.518869936466217,1.4872888326644897,0.8592574596405029,1.5764673948287964,-6.094708785917053e-08,6.488985162745547e-07,0,negligible
46,7154,pedestrian,13.230281962764735,29.73728358614123,-2.567477822303772,0.5,0.5,1.100000023841858,-0.8229085234054075,-0.790307126874362,0,negligible
46,7156,pedestrian,18.513546458295764,66.65725975928859,-2.347201108932495,0.3753577768802643,0.3753577768802643,1.8600000143051147,-1.0111488407745854,1.660928746507784,0,negligible
47,7152,van,41.392426867629325,-3.499597820832747,-2.3214441537857056,4.442183971405029,1.77456533908844,1.9872066974639893,9.486755028975733,0.0892328527928727,0,negligible
47,7151,car,13.765729984914529,12.847754331099964,-2.294575810432434,4.6045098304748535,1.9315929412841797,1.8548461198806763,0.024506644024212553,0.01597663329262951,0,negligible
47,7158,car,2.098614128140383,0.13327079331747882,-2.367080330848694,3.866220712661743,1.9051965475082397,1.8779358863830566,4.161955817448821,0.32024826508894116,0,negligible
47,7161,truck,-11.424139715175187,58.55023235463936,-1.5160340070724487,8.46804141998291,2.8910882472991943,3.8274123668670654,-2.1773026126020163,-7.933528225572135,0,negligible
47,7159,car,55.63822755630612,-3.497715099284221,-2.5001783967018127,4.855708599090576,2.0327565670013428,1.6493593454360962,9.026601886256069,0.10503544820428778,0,negligible
47,7153,car,6.487784741317284,24.9432702286187,-2.5310208797454834,4.901683330535889,2.128324270248413,1.5107464790344238,-12.309753904032213,-9.106618779210768,0,negligible
47,7160,motorcycle,-42.310144137936504,-3.5022346956337174,-2.515823245048523,2.3557403087615967,0.7636788487434387,1.6068243980407715,12.498557955791771,0.12350411491045432,0,negligible
47,7162,cyclist,72.3196321774269,0.10067049613064682,-2.518869936466217,1.4872888326644897,0.8592574596405029,1.5764673948287964,-1.203915827417453e-07,3.574530662457405e-07,0,negligible
47,7154,pedestrian,13.198152916052905,29.83420516005316,-2.567477822303772,0.5,0.5,1.100000023841858,-0.7810751168690835,-0.6974470682501072,0,negligible
47,7156,pedestrian,18.60962978130098,66.82629773350551,-2.347201108932495,0.3753577768802643,0.3753577768802643,1.8600000143051147,-1.0111488407745854,1.660928746507784,0,negligible
48,7152,van,40.43746919823974,-3.4994026316576026,-2.3214309215545654,4.442183971405029,1.77456533908844,1.9872066974639893,9.599797821578179,0.08977684740233116,0,negligible
48,7151,car,13.764025310198008,12.85367640133478,-2.297446608543396,4.6045098304748535,1.9315929412841797,1.8548461198806763,0.0164117417697622,0.01039986544235684,0,negligible
48,7158,car,2.5327442209970172,0.1478028913514038,-2.368101716041565,3.866220712661743,1.9051965475082397,1.8779358863830566,4.520877030515674,0.35013728538456135,0,negligible
48,7161,truck,-11.921188081208072,59.21078493773712,-1.5187841653823853,8.46804141998291,2.8910882472991943,3.8274123668670654,-2.2197101674830573,-7.9955581523764545,0,negligible
48,7159,car,54.72814188373992,-3.4983546078702545,-2.500275433063507,4.855708599090576,2.0327565670013428,1.6493593454360962,9.172465112737118,0.10057921850035194,0,negligible
48,7153,car,6.011842131488976,26.4217099818579,-2.538731575012207,4.901683330535889,2.128324270248413,1.5107464790344238,-12.526447181745796,-9.48132735341527,0,negligible
48,7160,motorcycle,-43.57056560511407,-3.502308458970589,-2.515848398208618,2.3557403087615967,0.7636788487434387,1.6068241596221924,12.6900585678905,0.12539592808644634,0,negligible
48,7162,cyclist,72.3196321774269,0.10067049613064682,-2.518869936466217,1.4872888326644897,0.8592574596405029,1.5764673948287964,1.9795997195863693e-08,-8.13099269695255e-08,0,negligible
48,7154,pedestrian,13.163441201814067,29.93151816916034,-2.5700419545173645,0.5,0.5,1.100000023841858,-0.7733752975992116,-0.6667191465873317,0,negligible
48,7156,pedestrian,18.705713253224786,66.99535096578481,-2.347201108932495,0.3753577768802643,0.3753577768802643,1.8600000143051147,-1.0111525444988698,1.6609264522713083,0,negligible
49,7152,van,39.47329679315618,-3.4993921780165067,-2.321382164955139,4.442183971405029,1.77456533908844,1.9872066974639893,9.65024969039898,0.0952933930667955,0,negligible
49,7151,car,13.763155612825372,12.856813090317758,-2.298845648765564,4.6045098304748535,1.9315929412841797,1.8548461198806763,0.007024993362380724,0.004225773596551799,0,negligible
49,7158,car,3.000696448007119,0.18025526653278234,-2.3690297603607178,3.866220712661743,1.9051965475082397,1.8779358863830566,4.732402502559582,0.8549031872590205,0,negligible
49,7161,truck,-12.421312932844884,59.87741794533392,-1.5210723876953125,8.46804141998291,2.8910882472991943,3.8274123668670654,-2.2574882863223453,-8.057756370278161,0,negligible
49,7159,car,53.80368210266896,-3.4987622681709922,-2.5003591179847717,4.855708599090576,2.0327565670013428,1.6493593454360962,9.309837761649272,0.09894404377455712,0,negligible
49,7153,car,5.515876529726057,27.932725851917894,-2.54445880651474,4.901683330535889,2.128324270248413,1.5107464790344238,-12.76309221374789,-9.743036025916435,0,negligible
49,7160,motorcycle,-44.850166903454294,-3.5022408058477197,-2.515861451625824,2.3557403087615967,0.7636788487434387,1.6068241596221924,12.873994980246815,0.1228915642214106,0,negligible
49,7162,cyclist,72.3196321774269,0.10067049613064682,-2.518869936466217,1.4872888326644897,0.8592574596405029,1.5764673948287964,6.608044693876186e-08,-1.3961266718602207e-07,0,negligible
49,7154,pedestrian,13.12376900592875,30.04513097687959,-2.5700419545173645,0.5,0.5,1.100000023841858,-0.7929347446096611,-0.6622951492032271,0,negligible
49,7156,pedestrian,18.801796576230032,67.16438894000174,-2.347201108932495,0.3753577768802643,0.3753577768802643,1.8600000143051147,-1.0111525444988698,1.6609264522713083,0,negligible
50,7152,van,38.51344682991498,-3.49936287331181,-2.32108736038208,4.442183971405029,1.77456533908844,1.9872066974639893,9.512882800684803,0.09166296443802971,0,negligible
50,7151,car,13.762950488310793,12.857684884733231,-2.2991108894348145,4.6045098304748535,1.9315929412841797,1.8548461198806763,0.0005063654939440721,9.941185853418136e-05,0,negligible
50,7158,car,3.4744565818933353,0.2269491229106677,-2.36918568611145,3.866220712661743,1.9051965475082397,1.8779358863830566,4.560012284042305,0.9086466269698124,0,negligible
50,7161,truck,-12.912396067984673,60.55660521470321,-1.5231175422668457,8.46804141998291,2.8910882472991943,3.8274123668670654,-2.7072361771371183,-7.9472455715411225,0,negligible
50,7159,car,52.86736329045321,-3.499023665385778,-2.500367283821106,4.855708599090576,2.0327565670013428,1.6493593454360962,9.404699967434487,0.09592823492802115,0,negligible
50,7153,car,4.989762134235704,29.45900555899661,-2.549817204475403,4.901683330535889,2.128324270248413,1.5107464790344238,-12.379845784822718,-10.347822851700139,0,negligible
50,7160,motorcycle,-46.14478451786991,-3.502270745846573,-2.5158488750457764,2.3557403087615967,0.7636788487434387,1.6068246364593506,12.98808086883087,0.12880039540170266,0,negligible
50,7162,cyclist,72.3196321774269,0.10067049613064682,-2.518869936466217,1.4872888326644897,0.8592574596405029,1.5764673948287964,1.4755277286109435e-08,-1.2853940049574875e-07,0,negligible
50,7154,pedestrian,13.082565711105048,30.15665291492971,-2.5700419545173645,0.5,0.5,1.100000023841858,-0.9225403101200056,-0.7726068703226154,0,negligible
50,7156,pedestrian,18.897880048153837,67.33344217228105,-2.347201108932495,0.3753577768802643,0.3753577768802643,1.8600000143051147,-1.0111525444988698,1.6609264522713083,0,negligible
51,7152,van,37.57884004797542,-3.4993205300969237,-2.3203970193862915,4.442183971405029,1.77456533908844,1.9872066974639893,9.168748325580538,0.08886670477113548,0,negligible
51,7151,car,13.763076458876654,12.857302167365958,-2.2988275289535522,4.6045098304748535,1.9315929412841797,1.8548461198806763,-0.0022694925815355546,-0.0015456287015756384,0,negligible
51,7158,car,3.9123789865689105,0.273565488811812,-2.368477463722229,3.866220712661743,1.9051965475082397,1.8779358863830566,4.080103925709052,0.8694599897853521,0,negligible
51,7161,truck,-13.369842278672081,61.255843271322206,-1.525612473487854,8.46804141998291,2.8910882472991943,3.8274123668670654,-3.4399201568968154,-7.615491398128351,0,negligible
51,7159,car,51.92614237894338,-3.499282996695939,-2.500245988368988,4.855708599090576,2.0327565670013428,1.6493593454360962,9.399429890419801,0.09700971051273471,0,negligible
51,7153,car,4.443441418588847,30.95842735805779,-2.5547147393226624,4.901683330535889,2.128324270248413,1.5107464790344238,-11.749198394890158,-10.52542773832511,0,negligible
51,7160,motorcycle,-47.44417924607643,-3.5023913968933016,-2.5158047676086426,2.3557403087615967,0.7636788487434387,1.606824278831482,12.980487926757073,0.1285252534811062,0,negligible
51,7162,cyclist,72.3196321774269,0.10067049613064682,-2.518869936466217,1.4872888326644897,0.8592574596405029,1.5764673948287964,-1.1780889490377553e-08,-7.526677769281752e-08,0,negligible
51,7154,pedestrian,13.04399590904417,30.265173544525368,-2.5700419545173645,0.5,0.5,1.100000023841858,-0.9114054222914435,-0.7634098755478398,0,negligible
51,7156,pedestrian,18.993963371159055,67.50248014649797,-2.347201108932495,0.3753577768802643,0.3753577768802643,1.8600000143051147,-1.0111525444988698,1.6609264522713083,0,negligible
